ASSISTANT_ID,CONVERSATION_ID,EVENT_POSITION,eventData,eventId,sampleRate,sampleSize,streamType,timestamp,typeOfEvent
08fd0ad8-b8bd-4c6d-a1bf-c381dbe24b4d,637e69ca-97d3-42e4-a64a-7b648122c0fb,14,"{'sampleRate': 48000, 'sampleSize': 16, 'streamType': 'start'}",670aacc58529bdd288973228,48000.0,16.0,start,2024-10-12 20:07:17.671,AUDIO_STREAM
08fd0ad8-b8bd-4c6d-a1bf-c381dbe24b4d,637e69ca-97d3-42e4-a64a-7b648122c0fb,23,{'streamType': 'end'},670aaccd8529bdd288973298,,,end,2024-10-12 20:07:25.102,AUDIO_STREAM
08fd0ad8-b8bd-4c6d-a1bf-c381dbe24b4d,637e69ca-97d3-42e4-a64a-7b648122c0fb,37,"{'sampleRate': 48000, 'sampleSize': 16, 'streamType': 'start'}",670aace98529bdd2889733e0,48000.0,16.0,start,2024-10-12 20:07:53.591,AUDIO_STREAM
08fd0ad8-b8bd-4c6d-a1bf-c381dbe24b4d,637e69ca-97d3-42e4-a64a-7b648122c0fb,45,{'streamType': 'end'},670aaced8529bdd288973422,,,end,2024-10-12 20:07:57.801,AUDIO_STREAM
08fd0ad8-b8bd-4c6d-a1bf-c381dbe24b4d,920183cd-f9c1-46aa-9f24-96f3e7a96515,15,"{'sampleRate': 48000, 'sampleSize': 16, 'streamType': 'start'}",670ab69214519701d6175408,48000.0,16.0,start,2024-10-12 20:49:06.891,AUDIO_STREAM
08fd0ad8-b8bd-4c6d-a1bf-c381dbe24b4d,8e2ebbe4-af0c-4034-b63f-7e087137ab92,55,"{'sampleRate': 48000, 'sampleSize': 16, 'streamType': 'start'}",670c09708529bdd288a249fc,48000.0,16.0,start,2024-10-13 20:54:56.333,AUDIO_STREAM
08fd0ad8-b8bd-4c6d-a1bf-c381dbe24b4d,8e2ebbe4-af0c-4034-b63f-7e087137ab92,65,{'streamType': 'end'},670c09798529bdd288a24a61,,,end,2024-10-13 20:55:05.222,AUDIO_STREAM
08fd0ad8-b8bd-4c6d-a1bf-c381dbe24b4d,8e2ebbe4-af0c-4034-b63f-7e087137ab92,70,"{'sampleRate': 48000, 'sampleSize': 16, 'streamType': 'start'}",670c09848529bdd288a24aff,48000.0,16.0,start,2024-10-13 20:55:16.618,AUDIO_STREAM
08fd0ad8-b8bd-4c6d-a1bf-c381dbe24b4d,8e2ebbe4-af0c-4034-b63f-7e087137ab92,78,{'streamType': 'end'},670c09898529bdd288a24b3a,,,end,2024-10-13 20:55:21.561,AUDIO_STREAM
08fd0ad8-b8bd-4c6d-a1bf-c381dbe24b4d,8e2ebbe4-af0c-4034-b63f-7e087137ab92,87,"{'sampleRate': 48000, 'sampleSize': 16, 'streamType': 'start'}",670c099a8529bdd288a24c1b,48000.0,16.0,start,2024-10-13 20:55:38.339,AUDIO_STREAM
08fd0ad8-b8bd-4c6d-a1bf-c381dbe24b4d,8e2ebbe4-af0c-4034-b63f-7e087137ab92,96,{'streamType': 'end'},670c099f8529bdd288a24c52,,,end,2024-10-13 20:55:43.484,AUDIO_STREAM
08fd0ad8-b8bd-4c6d-a1bf-c381dbe24b4d,d54ae284-6080-434a-a44d-74ba32c5778b,17,"{'sampleRate': 48000, 'sampleSize': 16, 'streamType': 'start'}",670aad2514519701d616e3ac,48000.0,16.0,start,2024-10-12 20:08:53.822,AUDIO_STREAM
08fd0ad8-b8bd-4c6d-a1bf-c381dbe24b4d,d54ae284-6080-434a-a44d-74ba32c5778b,26,{'streamType': 'end'},670aad2b14519701d616e3e8,,,end,2024-10-12 20:08:59.111,AUDIO_STREAM
08fd0ad8-b8bd-4c6d-a1bf-c381dbe24b4d,407cbbc7-605d-4e1f-96bb-b00480432cf5,17,{'streamType': 'end'},670a998f14519701d615ebbf,,,end,2024-10-12 18:45:19.002,AUDIO_STREAM
08fd0ad8-b8bd-4c6d-a1bf-c381dbe24b4d,4d4208bd-2b4c-490d-bedf-6c4ed0e3122d,15,"{'sampleRate': 48000, 'sampleSize': 16, 'streamType': 'start'}",6706791c7673c82f42728ce2,48000.0,16.0,start,2024-10-09 15:37:48.689,AUDIO_STREAM
08fd0ad8-b8bd-4c6d-a1bf-c381dbe24b4d,faa29605-459a-4e77-97c2-66ae8b8b2623,241,{'streamType': 'end'},67070e4a14519701d6f2cb35,,,end,2024-10-10 02:14:18.314,AUDIO_STREAM
08fd0ad8-b8bd-4c6d-a1bf-c381dbe24b4d,faa29605-459a-4e77-97c2-66ae8b8b2623,242,"{'sampleRate': 48000, 'sampleSize': 16, 'streamType': 'start'}",67070e4e14519701d6f2cb68,48000.0,16.0,start,2024-10-10 02:14:22.221,AUDIO_STREAM
08fd0ad8-b8bd-4c6d-a1bf-c381dbe24b4d,faa29605-459a-4e77-97c2-66ae8b8b2623,253,"{'sampleRate': 48000, 'sampleSize': 16, 'streamType': 'start'}",67070e5014519701d6f2cb86,48000.0,16.0,start,2024-10-10 02:14:24.475,AUDIO_STREAM
08fd0ad8-b8bd-4c6d-a1bf-c381dbe24b4d,91050dd7-6ee5-4a99-95f8-b35d434ff3e9,14,"{'sampleRate': 48000, 'sampleSize': 16, 'streamType': 'start'}",670c2fd98529bdd288a409e0,48000.0,16.0,start,2024-10-13 23:38:49.127,AUDIO_STREAM
08fd0ad8-b8bd-4c6d-a1bf-c381dbe24b4d,91050dd7-6ee5-4a99-95f8-b35d434ff3e9,23,{'streamType': 'end'},670c2fe08529bdd288a40a4d,,,end,2024-10-13 23:38:56.648,AUDIO_STREAM
08fd0ad8-b8bd-4c6d-a1bf-c381dbe24b4d,f30ca069-de63-4143-8869-ab6df70a3058,17,"{'sampleRate': 48000, 'sampleSize': 16, 'streamType': 'start'}",670c275814519701d623249f,48000.0,16.0,start,2024-10-13 23:02:32.167,AUDIO_STREAM
08fd0ad8-b8bd-4c6d-a1bf-c381dbe24b4d,f30ca069-de63-4143-8869-ab6df70a3058,26,{'streamType': 'end'},670c276014519701d62324f3,,,end,2024-10-13 23:02:40.046,AUDIO_STREAM
08fd0ad8-b8bd-4c6d-a1bf-c381dbe24b4d,89df92a8-729f-4446-88f1-bda445867415,14,"{'sampleRate': 48000, 'sampleSize': 16, 'streamType': 'start'}",670bf9ad8529bdd288a191f4,48000.0,16.0,start,2024-10-13 19:47:41.083,AUDIO_STREAM
08fd0ad8-b8bd-4c6d-a1bf-c381dbe24b4d,89df92a8-729f-4446-88f1-bda445867415,23,{'streamType': 'end'},670bf9b18529bdd288a19221,,,end,2024-10-13 19:47:45.243,AUDIO_STREAM
08fd0ad8-b8bd-4c6d-a1bf-c381dbe24b4d,507f9fe7-f6e7-43b7-bddf-bd7038144a4c,42,{'streamType': 'end'},6707fc6086501aa6ad1f039a,,,end,2024-10-10 19:10:08.244,AUDIO_STREAM
08fd0ad8-b8bd-4c6d-a1bf-c381dbe24b4d,507f9fe7-f6e7-43b7-bddf-bd7038144a4c,49,{'streamType': 'end'},6707fc6086501aa6ad1f03a6,,,end,2024-10-10 19:10:08.651,AUDIO_STREAM
08fd0ad8-b8bd-4c6d-a1bf-c381dbe24b4d,507f9fe7-f6e7-43b7-bddf-bd7038144a4c,56,{'streamType': 'end'},6707fc6786501aa6ad1f040d,,,end,2024-10-10 19:10:15.557,AUDIO_STREAM
08fd0ad8-b8bd-4c6d-a1bf-c381dbe24b4d,507f9fe7-f6e7-43b7-bddf-bd7038144a4c,63,{'streamType': 'end'},6707fc6786501aa6ad1f0413,,,end,2024-10-10 19:10:15.878,AUDIO_STREAM
08fd0ad8-b8bd-4c6d-a1bf-c381dbe24b4d,507f9fe7-f6e7-43b7-bddf-bd7038144a4c,70,{'streamType': 'end'},6707fc6886501aa6ad1f041b,,,end,2024-10-10 19:10:16.264,AUDIO_STREAM
08fd0ad8-b8bd-4c6d-a1bf-c381dbe24b4d,507f9fe7-f6e7-43b7-bddf-bd7038144a4c,77,{'streamType': 'end'},6707fc6886501aa6ad1f042c,,,end,2024-10-10 19:10:16.917,AUDIO_STREAM
08fd0ad8-b8bd-4c6d-a1bf-c381dbe24b4d,507f9fe7-f6e7-43b7-bddf-bd7038144a4c,84,{'streamType': 'end'},6707fc6986501aa6ad1f0433,,,end,2024-10-10 19:10:17.556,AUDIO_STREAM
08fd0ad8-b8bd-4c6d-a1bf-c381dbe24b4d,507f9fe7-f6e7-43b7-bddf-bd7038144a4c,91,{'streamType': 'end'},6707fc7186501aa6ad1f048a,,,end,2024-10-10 19:10:25.477,AUDIO_STREAM
08fd0ad8-b8bd-4c6d-a1bf-c381dbe24b4d,73c81af3-0d19-4fc8-8bb5-6417d05062d9,39,"{'sampleRate': 48000, 'sampleSize': 16, 'streamType': 'start'}",670828a014519701d6fdf813,48000.0,16.0,start,2024-10-10 22:18:56.773,AUDIO_STREAM
08fd0ad8-b8bd-4c6d-a1bf-c381dbe24b4d,73c81af3-0d19-4fc8-8bb5-6417d05062d9,47,{'streamType': 'end'},670828a514519701d6fdf850,,,end,2024-10-10 22:19:01.239,AUDIO_STREAM
08fd0ad8-b8bd-4c6d-a1bf-c381dbe24b4d,71989c95-9f91-4e9d-a2f9-65f88bfc78e0,44,"{'sampleRate': 48000, 'sampleSize': 16, 'streamType': 'start'}",6708340c8529bdd2887e5a70,48000.0,16.0,start,2024-10-10 23:07:40.269,AUDIO_STREAM
08fd0ad8-b8bd-4c6d-a1bf-c381dbe24b4d,e2ee12bf-20e6-46b3-8447-fad54510fdd3,107,"{'sampleRate': 48000, 'sampleSize': 16, 'streamType': 'start'}",66fdf41155f202ce260b9b55,48000.0,16.0,start,2024-10-03 04:32:01.379,AUDIO_STREAM
08fd0ad8-b8bd-4c6d-a1bf-c381dbe24b4d,e2ee12bf-20e6-46b3-8447-fad54510fdd3,116,{'streamType': 'end'},66fdf41655f202ce260b9b97,,,end,2024-10-03 04:32:06.416,AUDIO_STREAM
08fd0ad8-b8bd-4c6d-a1bf-c381dbe24b4d,7bdf5b3d-79c8-4356-8ad6-9d98e9922e6a,20,"{'sampleRate': 48000, 'sampleSize': 16, 'streamType': 'start'}",66ffbaed55f202ce261d11be,48000.0,16.0,start,2024-10-04 12:52:45.324,AUDIO_STREAM
08fd0ad8-b8bd-4c6d-a1bf-c381dbe24b4d,9f2e3ea9-e583-4526-92b2-ceac99d50e42,15,"{'sampleRate': 48000, 'sampleSize': 16, 'streamType': 'start'}",670d28c48790e7f88c257b15,48000.0,16.0,start,2024-10-14 17:20:52.366,AUDIO_STREAM
08fd0ad8-b8bd-4c6d-a1bf-c381dbe24b4d,64068ad9-3377-468c-b9aa-ff578b57c968,17,"{'sampleRate': 48000, 'sampleSize': 16, 'streamType': 'start'}",66fb9510ce37c37834748a3a,48000.0,16.0,start,2024-10-01 09:22:08.536,AUDIO_STREAM
08fd0ad8-b8bd-4c6d-a1bf-c381dbe24b4d,64068ad9-3377-468c-b9aa-ff578b57c968,26,{'streamType': 'end'},66fb9517ce37c37834748a65,,,end,2024-10-01 09:22:15.433,AUDIO_STREAM
08fd0ad8-b8bd-4c6d-a1bf-c381dbe24b4d,64068ad9-3377-468c-b9aa-ff578b57c968,35,"{'sampleRate': 48000, 'sampleSize': 16, 'streamType': 'start'}",66fb951bce37c37834748a86,48000.0,16.0,start,2024-10-01 09:22:19.814,AUDIO_STREAM
08fd0ad8-b8bd-4c6d-a1bf-c381dbe24b4d,64068ad9-3377-468c-b9aa-ff578b57c968,44,{'streamType': 'end'},66fb951ece37c37834748a9d,,,end,2024-10-01 09:22:22.559,AUDIO_STREAM
08fd0ad8-b8bd-4c6d-a1bf-c381dbe24b4d,9bf14426-7734-463f-9422-2cb601b127f8,13,"{'sampleRate': 48000, 'sampleSize': 16, 'streamType': 'start'}",670d97068529bdd288b39a0f,48000.0,16.0,start,2024-10-15 01:11:18.544,AUDIO_STREAM
08fd0ad8-b8bd-4c6d-a1bf-c381dbe24b4d,9bf14426-7734-463f-9422-2cb601b127f8,48,{'streamType': 'end'},670d975e8529bdd288b39ef8,,,end,2024-10-15 01:12:46.633,AUDIO_STREAM
08fd0ad8-b8bd-4c6d-a1bf-c381dbe24b4d,9bf14426-7734-463f-9422-2cb601b127f8,50,"{'sampleRate': 48000, 'sampleSize': 16, 'streamType': 'start'}",670d975e8529bdd288b39efa,48000.0,16.0,start,2024-10-15 01:12:46.634,AUDIO_STREAM
08fd0ad8-b8bd-4c6d-a1bf-c381dbe24b4d,9bf14426-7734-463f-9422-2cb601b127f8,85,{'streamType': 'end'},670d98578529bdd288b3ac25,,,end,2024-10-15 01:16:55.399,AUDIO_STREAM
08fd0ad8-b8bd-4c6d-a1bf-c381dbe24b4d,2f4b7ee5-53da-4212-a57a-d01e3a0c957f,15,"{'sampleRate': 48000, 'sampleSize': 16, 'streamType': 'start'}",670d5ab3881e9aad8ce4ba0c,48000.0,16.0,start,2024-10-14 20:53:55.402,AUDIO_STREAM
08fd0ad8-b8bd-4c6d-a1bf-c381dbe24b4d,2f4b7ee5-53da-4212-a57a-d01e3a0c957f,23,{'streamType': 'end'},670d5abd881e9aad8ce4babd,,,end,2024-10-14 20:54:05.778,AUDIO_STREAM
08fd0ad8-b8bd-4c6d-a1bf-c381dbe24b4d,5ca17e6b-9d54-4ec0-a52d-ddea742226ae,14,"{'sampleRate': 48000, 'sampleSize': 16, 'streamType': 'start'}",670d512b8529bdd288af9606,48000.0,16.0,start,2024-10-14 20:13:15.598,AUDIO_STREAM
08fd0ad8-b8bd-4c6d-a1bf-c381dbe24b4d,5ca17e6b-9d54-4ec0-a52d-ddea742226ae,23,{'streamType': 'end'},670d51318529bdd288af966e,,,end,2024-10-14 20:13:21.976,AUDIO_STREAM
08fd0ad8-b8bd-4c6d-a1bf-c381dbe24b4d,5ca17e6b-9d54-4ec0-a52d-ddea742226ae,31,"{'sampleRate': 48000, 'sampleSize': 16, 'streamType': 'start'}",670d514a8529bdd288af97bc,48000.0,16.0,start,2024-10-14 20:13:46.108,AUDIO_STREAM
08fd0ad8-b8bd-4c6d-a1bf-c381dbe24b4d,5ca17e6b-9d54-4ec0-a52d-ddea742226ae,40,{'streamType': 'end'},670d514f8529bdd288af97f2,,,end,2024-10-14 20:13:51.613,AUDIO_STREAM
08fd0ad8-b8bd-4c6d-a1bf-c381dbe24b4d,b05d2685-e10c-4ac9-9b3e-a3d150ed29a4,17,"{'sampleRate': 48000, 'sampleSize': 16, 'streamType': 'start'}",67089c438529bdd288833c44,48000.0,16.0,start,2024-10-11 06:32:19.175,AUDIO_STREAM
08fd0ad8-b8bd-4c6d-a1bf-c381dbe24b4d,9280760a-c925-4f06-aa8d-bc2ac2c88879,18,"{'sampleRate': 48000, 'sampleSize': 16, 'streamType': 'start'}",6701c979ce37c37834bc7223,48000.0,16.0,start,2024-10-06 02:19:21.871,AUDIO_STREAM
08fd0ad8-b8bd-4c6d-a1bf-c381dbe24b4d,4fdf9f25-17bf-4df3-9a6a-faa5cb91c491,73,{'streamType': 'end'},66fbd8cc55f202ce26f35e00,,,end,2024-10-01 14:11:08.436,AUDIO_STREAM
08fd0ad8-b8bd-4c6d-a1bf-c381dbe24b4d,7e0b89b9-ab7d-4c22-83d7-7c13882d3461,35,"{'sampleRate': 48000, 'sampleSize': 16, 'streamType': 'start'}",66fbd452ce37c3783475a7b5,48000.0,16.0,start,2024-10-01 13:52:02.034,AUDIO_STREAM
08fd0ad8-b8bd-4c6d-a1bf-c381dbe24b4d,7e0b89b9-ab7d-4c22-83d7-7c13882d3461,43,{'streamType': 'end'},66fbd46ace37c3783475a889,,,end,2024-10-01 13:52:26.930,AUDIO_STREAM
08fd0ad8-b8bd-4c6d-a1bf-c381dbe24b4d,3070591b-fc42-46c4-85bc-c7cff14dd680,23,"{'sampleRate': 44100, 'sampleSize': 16, 'streamType': 'start'}",66fc48ee06ea172c89ccc5c4,44100.0,16.0,start,2024-10-01 22:09:34.132,AUDIO_STREAM
08fd0ad8-b8bd-4c6d-a1bf-c381dbe24b4d,3070591b-fc42-46c4-85bc-c7cff14dd680,31,{'streamType': 'end'},66fc48f606ea172c89ccc63e,,,end,2024-10-01 22:09:42.082,AUDIO_STREAM
08fd0ad8-b8bd-4c6d-a1bf-c381dbe24b4d,3070591b-fc42-46c4-85bc-c7cff14dd680,39,"{'sampleRate': 44100, 'sampleSize': 16, 'streamType': 'start'}",66fc48ff06ea172c89ccc6dd,44100.0,16.0,start,2024-10-01 22:09:51.070,AUDIO_STREAM
08fd0ad8-b8bd-4c6d-a1bf-c381dbe24b4d,3070591b-fc42-46c4-85bc-c7cff14dd680,48,{'streamType': 'end'},66fc490406ea172c89ccc73d,,,end,2024-10-01 22:09:56.671,AUDIO_STREAM
08fd0ad8-b8bd-4c6d-a1bf-c381dbe24b4d,3070591b-fc42-46c4-85bc-c7cff14dd680,57,"{'sampleRate': 44100, 'sampleSize': 16, 'streamType': 'start'}",66fc490b06ea172c89ccc7a4,44100.0,16.0,start,2024-10-01 22:10:03.253,AUDIO_STREAM
08fd0ad8-b8bd-4c6d-a1bf-c381dbe24b4d,3070591b-fc42-46c4-85bc-c7cff14dd680,65,{'streamType': 'end'},66fc491006ea172c89ccc803,,,end,2024-10-01 22:10:08.970,AUDIO_STREAM
08fd0ad8-b8bd-4c6d-a1bf-c381dbe24b4d,9b8683de-d63b-4bba-b5b7-7ec184bcbb13,38,{'streamType': 'end'},66fc27a7f5f972a5bee5ac97,,,end,2024-10-01 19:47:35.024,AUDIO_STREAM
08fd0ad8-b8bd-4c6d-a1bf-c381dbe24b4d,6de61f22-4bbe-4f86-9beb-50e9856747fe,54,{'streamType': 'end'},6704251cce37c37834d2ff3d,,,end,2024-10-07 21:14:52.057,AUDIO_STREAM
08fd0ad8-b8bd-4c6d-a1bf-c381dbe24b4d,05f34c29-dad9-4706-9eb1-6c8aa6c7c7b1,29,"{'sampleRate': 48000, 'sampleSize': 16, 'streamType': 'start'}",670435ab681a3e4d7a27f1ae,48000.0,16.0,start,2024-10-07 22:25:31.518,AUDIO_STREAM
08fd0ad8-b8bd-4c6d-a1bf-c381dbe24b4d,05f34c29-dad9-4706-9eb1-6c8aa6c7c7b1,36,{'streamType': 'end'},670435b1681a3e4d7a27f1f5,,,end,2024-10-07 22:25:37.399,AUDIO_STREAM
08fd0ad8-b8bd-4c6d-a1bf-c381dbe24b4d,05f34c29-dad9-4706-9eb1-6c8aa6c7c7b1,38,"{'sampleRate': 48000, 'sampleSize': 16, 'streamType': 'start'}",670435b2681a3e4d7a27f20a,48000.0,16.0,start,2024-10-07 22:25:38.798,AUDIO_STREAM
08fd0ad8-b8bd-4c6d-a1bf-c381dbe24b4d,05f34c29-dad9-4706-9eb1-6c8aa6c7c7b1,49,{'streamType': 'end'},670435bc681a3e4d7a27f274,,,end,2024-10-07 22:25:48.477,AUDIO_STREAM
08fd0ad8-b8bd-4c6d-a1bf-c381dbe24b4d,20d11499-7f1e-47d6-a470-719fdd90ec8c,43,"{'sampleRate': 48000, 'sampleSize': 16, 'streamType': 'start'}",670452c300ab2c30dead7509,48000.0,16.0,start,2024-10-08 00:29:39.735,AUDIO_STREAM
08fd0ad8-b8bd-4c6d-a1bf-c381dbe24b4d,20d11499-7f1e-47d6-a470-719fdd90ec8c,51,{'streamType': 'end'},670452cb00ab2c30dead7571,,,end,2024-10-08 00:29:47.354,AUDIO_STREAM
08fd0ad8-b8bd-4c6d-a1bf-c381dbe24b4d,20d11499-7f1e-47d6-a470-719fdd90ec8c,66,"{'sampleRate': 48000, 'sampleSize': 16, 'streamType': 'start'}",670452de00ab2c30dead7635,48000.0,16.0,start,2024-10-08 00:30:06.537,AUDIO_STREAM
08fd0ad8-b8bd-4c6d-a1bf-c381dbe24b4d,20d11499-7f1e-47d6-a470-719fdd90ec8c,75,{'streamType': 'end'},670452e200ab2c30dead7679,,,end,2024-10-08 00:30:10.964,AUDIO_STREAM
08fd0ad8-b8bd-4c6d-a1bf-c381dbe24b4d,20d11499-7f1e-47d6-a470-719fdd90ec8c,84,"{'sampleRate': 48000, 'sampleSize': 16, 'streamType': 'start'}",670452ee00ab2c30dead7726,48000.0,16.0,start,2024-10-08 00:30:22.490,AUDIO_STREAM
08fd0ad8-b8bd-4c6d-a1bf-c381dbe24b4d,20d11499-7f1e-47d6-a470-719fdd90ec8c,93,{'streamType': 'end'},670452f300ab2c30dead7786,,,end,2024-10-08 00:30:27.981,AUDIO_STREAM
08fd0ad8-b8bd-4c6d-a1bf-c381dbe24b4d,ad584dba-3bef-4ca3-8d37-9c2dc9c9771b,50,"{'sampleRate': 48000, 'sampleSize': 16, 'streamType': 'start'}",6703ea4600ab2c30dea7d423,48000.0,16.0,start,2024-10-07 17:03:50.054,AUDIO_STREAM
08fd0ad8-b8bd-4c6d-a1bf-c381dbe24b4d,ad584dba-3bef-4ca3-8d37-9c2dc9c9771b,57,{'streamType': 'end'},6703ea4700ab2c30dea7d43f,,,end,2024-10-07 17:03:51.647,AUDIO_STREAM
08fd0ad8-b8bd-4c6d-a1bf-c381dbe24b4d,ad584dba-3bef-4ca3-8d37-9c2dc9c9771b,61,"{'sampleRate': 48000, 'sampleSize': 16, 'streamType': 'start'}",6703ea4c00ab2c30dea7d489,48000.0,16.0,start,2024-10-07 17:03:56.135,AUDIO_STREAM
08fd0ad8-b8bd-4c6d-a1bf-c381dbe24b4d,ad584dba-3bef-4ca3-8d37-9c2dc9c9771b,70,{'streamType': 'end'},6703ea5300ab2c30dea7d4f8,,,end,2024-10-07 17:04:03.549,AUDIO_STREAM
08fd0ad8-b8bd-4c6d-a1bf-c381dbe24b4d,19a97d2c-3c2a-4afa-a7fe-e06728b508b7,15,"{'sampleRate': 48000, 'sampleSize': 16, 'streamType': 'start'}",66fe3fc3ce37c37834945f26,48000.0,16.0,start,2024-10-03 09:54:59.821,AUDIO_STREAM
08fd0ad8-b8bd-4c6d-a1bf-c381dbe24b4d,c2b7fbf6-5c60-496e-8342-70e83c6318c1,18,{'streamType': 'end'},66ff2d5055f202ce2618ade1,,,end,2024-10-04 02:48:32.677,AUDIO_STREAM
08fd0ad8-b8bd-4c6d-a1bf-c381dbe24b4d,8ae64a00-38ba-4c75-9a5c-88ef22db9dbf,23,"{'sampleRate': 48000, 'sampleSize': 16, 'streamType': 'start'}",66fde0e3ce37c37834909193,48000.0,16.0,start,2024-10-03 03:10:11.287,AUDIO_STREAM
08fd0ad8-b8bd-4c6d-a1bf-c381dbe24b4d,8ae64a00-38ba-4c75-9a5c-88ef22db9dbf,29,{'streamType': 'end'},66fde0e3ce37c3783490919f,,,end,2024-10-03 03:10:11.674,AUDIO_STREAM
08fd0ad8-b8bd-4c6d-a1bf-c381dbe24b4d,2bed66f1-db15-452f-8dd0-9928e8be51ad,18,"{'sampleRate': 48000, 'sampleSize': 16, 'streamType': 'start'}",66fd9d9255f202ce26074cf6,48000.0,16.0,start,2024-10-02 22:22:58.205,AUDIO_STREAM
08fd0ad8-b8bd-4c6d-a1bf-c381dbe24b4d,fc23607c-6f1d-4580-b9a0-170fba02a8a2,224,{'streamType': 'end'},670e828e8529bdd288bc8083,,,end,2024-10-15 17:56:14.909,AUDIO_STREAM
08fd0ad8-b8bd-4c6d-a1bf-c381dbe24b4d,83894b12-c844-4792-abbb-421b0b7fc14c,17,"{'sampleRate': 48000, 'sampleSize': 16, 'streamType': 'start'}",670ea4b5c6d56ea4415e9020,48000.0,16.0,start,2024-10-15 20:21:57.240,AUDIO_STREAM
08fd0ad8-b8bd-4c6d-a1bf-c381dbe24b4d,83894b12-c844-4792-abbb-421b0b7fc14c,29,{'streamType': 'end'},670ea4c5c6d56ea4415e914e,,,end,2024-10-15 20:22:13.854,AUDIO_STREAM
08fd0ad8-b8bd-4c6d-a1bf-c381dbe24b4d,3fb90d48-9024-40d2-ba71-b3548ba399ad,81,"{'sampleRate': 48000, 'sampleSize': 16, 'streamType': 'start'}",670ea4bc4031c12e658c7b9f,48000.0,16.0,start,2024-10-15 20:22:04.404,AUDIO_STREAM
08fd0ad8-b8bd-4c6d-a1bf-c381dbe24b4d,678fc377-8c48-484d-b13e-ae5f1f44ea64,21,"{'sampleRate': 48000, 'sampleSize': 16, 'streamType': 'start'}",670e8a0df9334728e3fa8ef9,48000.0,16.0,start,2024-10-15 18:28:13.512,AUDIO_STREAM
08fd0ad8-b8bd-4c6d-a1bf-c381dbe24b4d,678fc377-8c48-484d-b13e-ae5f1f44ea64,29,{'streamType': 'end'},670e8a12f9334728e3fa8f4a,,,end,2024-10-15 18:28:18.635,AUDIO_STREAM
08fd0ad8-b8bd-4c6d-a1bf-c381dbe24b4d,7bb880b3-ab94-4cc3-9797-1d0c947327f7,14,"{'sampleRate': 48000, 'sampleSize': 16, 'streamType': 'start'}",670eb0f154d7ba2ed0d93bd2,48000.0,16.0,start,2024-10-15 21:14:09.366,AUDIO_STREAM
08fd0ad8-b8bd-4c6d-a1bf-c381dbe24b4d,7bb880b3-ab94-4cc3-9797-1d0c947327f7,23,{'streamType': 'end'},670eb0f954d7ba2ed0d93c46,,,end,2024-10-15 21:14:17.377,AUDIO_STREAM
08fd0ad8-b8bd-4c6d-a1bf-c381dbe24b4d,7bb880b3-ab94-4cc3-9797-1d0c947327f7,29,"{'sampleRate': 48000, 'sampleSize': 16, 'streamType': 'start'}",670eb12a54d7ba2ed0d93e6a,48000.0,16.0,start,2024-10-15 21:15:06.930,AUDIO_STREAM
08fd0ad8-b8bd-4c6d-a1bf-c381dbe24b4d,7bb880b3-ab94-4cc3-9797-1d0c947327f7,38,{'streamType': 'end'},670eb13254d7ba2ed0d93eb2,,,end,2024-10-15 21:15:14.243,AUDIO_STREAM
08fd0ad8-b8bd-4c6d-a1bf-c381dbe24b4d,b924321c-b119-4b40-af22-0e679c63bb21,42,"{'sampleRate': 48000, 'sampleSize': 16, 'streamType': 'start'}",6704d575ce37c37834daea3b,48000.0,16.0,start,2024-10-08 09:47:17.626,AUDIO_STREAM
08fd0ad8-b8bd-4c6d-a1bf-c381dbe24b4d,b924321c-b119-4b40-af22-0e679c63bb21,48,{'streamType': 'end'},6704d57ece37c37834daea69,,,end,2024-10-08 09:47:26.573,AUDIO_STREAM
08fd0ad8-b8bd-4c6d-a1bf-c381dbe24b4d,ef67ddf6-8e49-4cca-a3b9-6737f1bbaded,17,"{'sampleRate': 48000, 'sampleSize': 16, 'streamType': 'start'}",67049436ce37c37834d8f0d9,48000.0,16.0,start,2024-10-08 05:08:54.731,AUDIO_STREAM
08fd0ad8-b8bd-4c6d-a1bf-c381dbe24b4d,dfb23904-7ab0-4568-b7aa-25c268d378c3,14,"{'sampleRate': 48000, 'sampleSize': 16, 'streamType': 'start'}",6705593b7673c82f4266826f,48000.0,16.0,start,2024-10-08 19:09:31.562,AUDIO_STREAM
08fd0ad8-b8bd-4c6d-a1bf-c381dbe24b4d,dfb23904-7ab0-4568-b7aa-25c268d378c3,23,{'streamType': 'end'},670559407673c82f426682cb,,,end,2024-10-08 19:09:36.783,AUDIO_STREAM
08fd0ad8-b8bd-4c6d-a1bf-c381dbe24b4d,dfb23904-7ab0-4568-b7aa-25c268d378c3,31,"{'sampleRate': 48000, 'sampleSize': 16, 'streamType': 'start'}",670559497673c82f4266833c,48000.0,16.0,start,2024-10-08 19:09:45.882,AUDIO_STREAM
08fd0ad8-b8bd-4c6d-a1bf-c381dbe24b4d,dfb23904-7ab0-4568-b7aa-25c268d378c3,41,{'streamType': 'end'},6705594d7673c82f42668370,,,end,2024-10-08 19:09:49.027,AUDIO_STREAM
08fd0ad8-b8bd-4c6d-a1bf-c381dbe24b4d,3ffee3d0-13a4-4bf9-afe0-69b3087a724b,19,"{'sampleRate': 48000, 'sampleSize': 16, 'streamType': 'start'}",67015542ce37c37834b6be64,48000.0,16.0,start,2024-10-05 18:03:30.544,AUDIO_STREAM
08fd0ad8-b8bd-4c6d-a1bf-c381dbe24b4d,3ffee3d0-13a4-4bf9-afe0-69b3087a724b,28,{'streamType': 'end'},67015549ce37c37834b6bed5,,,end,2024-10-05 18:03:37.629,AUDIO_STREAM
08fd0ad8-b8bd-4c6d-a1bf-c381dbe24b4d,cbb0fb9a-6c57-47a6-8956-4750e7ab0b21,41,{'streamType': 'end'},6701235455f202ce262b6999,,,end,2024-10-05 14:30:28.068,AUDIO_STREAM
08fd0ad8-b8bd-4c6d-a1bf-c381dbe24b4d,cbb0fb9a-6c57-47a6-8956-4750e7ab0b21,57,{'streamType': 'end'},6701237655f202ce262b6a78,,,end,2024-10-05 14:31:02.335,AUDIO_STREAM
08fd0ad8-b8bd-4c6d-a1bf-c381dbe24b4d,f3f67d87-5fec-4397-b533-f3921eb60570,32,"{'sampleRate': 48000, 'sampleSize': 16, 'streamType': 'start'}",6706d09f14519701d6efc69e,48000.0,16.0,start,2024-10-09 21:51:11.919,AUDIO_STREAM
08fd0ad8-b8bd-4c6d-a1bf-c381dbe24b4d,f3f67d87-5fec-4397-b533-f3921eb60570,40,{'streamType': 'end'},6706d0a514519701d6efc6e4,,,end,2024-10-09 21:51:17.803,AUDIO_STREAM
08fd0ad8-b8bd-4c6d-a1bf-c381dbe24b4d,d31a0e9b-1044-400d-92a2-a11720331690,15,"{'sampleRate': 48000, 'sampleSize': 16, 'streamType': 'start'}",6706dd2ff480fd5383ad81ed,48000.0,16.0,start,2024-10-09 22:44:47.904,AUDIO_STREAM
08fd0ad8-b8bd-4c6d-a1bf-c381dbe24b4d,d31a0e9b-1044-400d-92a2-a11720331690,23,{'streamType': 'end'},6706dd39f480fd5383ad828d,,,end,2024-10-09 22:44:57.338,AUDIO_STREAM
08fd0ad8-b8bd-4c6d-a1bf-c381dbe24b4d,228212a6-56b6-4f69-8037-5b21e71124ac,134,"{'sampleRate': 48000, 'sampleSize': 16, 'streamType': 'start'}",6706ce109a99212463d1550f,48000.0,16.0,start,2024-10-09 21:40:16.675,AUDIO_STREAM
08fd0ad8-b8bd-4c6d-a1bf-c381dbe24b4d,228212a6-56b6-4f69-8037-5b21e71124ac,167,{'streamType': 'end'},6706cf219a99212463d16551,,,end,2024-10-09 21:44:49.052,AUDIO_STREAM
08fd0ad8-b8bd-4c6d-a1bf-c381dbe24b4d,228212a6-56b6-4f69-8037-5b21e71124ac,172,"{'sampleRate': 48000, 'sampleSize': 16, 'streamType': 'start'}",6706cf3a9a99212463d166b4,48000.0,16.0,start,2024-10-09 21:45:14.832,AUDIO_STREAM
08fd0ad8-b8bd-4c6d-a1bf-c381dbe24b4d,228212a6-56b6-4f69-8037-5b21e71124ac,177,{'streamType': 'end'},6706cf4c9a99212463d167b6,,,end,2024-10-09 21:45:32.643,AUDIO_STREAM
08fd0ad8-b8bd-4c6d-a1bf-c381dbe24b4d,b7db73af-9749-4ae8-8145-f20d30ec7398,17,{'streamType': 'end'},6709379e26d0feb902cdd046,,,end,2024-10-11 17:35:10.098,AUDIO_STREAM
08fd0ad8-b8bd-4c6d-a1bf-c381dbe24b4d,b7db73af-9749-4ae8-8145-f20d30ec7398,24,{'streamType': 'end'},670937a726d0feb902cdd0f5,,,end,2024-10-11 17:35:19.638,AUDIO_STREAM
08fd0ad8-b8bd-4c6d-a1bf-c381dbe24b4d,b7db73af-9749-4ae8-8145-f20d30ec7398,55,{'streamType': 'end'},670937ed26d0feb902cdd5d3,,,end,2024-10-11 17:36:29.225,AUDIO_STREAM
08fd0ad8-b8bd-4c6d-a1bf-c381dbe24b4d,f87f946d-7590-4017-b8b0-adf0cc7cf2c7,29,"{'sampleRate': 48000, 'sampleSize': 16, 'streamType': 'start'}",67072de914519701d6f45979,48000.0,16.0,start,2024-10-10 04:29:13.383,AUDIO_STREAM
08fd0ad8-b8bd-4c6d-a1bf-c381dbe24b4d,c2ba2258-d15f-4f2a-acaa-90b993c94696,20,"{'sampleRate': 48000, 'sampleSize': 16, 'streamType': 'start'}",670e8c874031c12e658b0ebc,48000.0,16.0,start,2024-10-15 18:38:47.419,AUDIO_STREAM
08fd0ad8-b8bd-4c6d-a1bf-c381dbe24b4d,c2ba2258-d15f-4f2a-acaa-90b993c94696,27,{'streamType': 'end'},670e8c8b4031c12e658b0efb,,,end,2024-10-15 18:38:51.128,AUDIO_STREAM
08fd0ad8-b8bd-4c6d-a1bf-c381dbe24b4d,dedda172-6887-4c70-bcc3-c3a04bc80627,18,"{'sampleRate': 48000, 'sampleSize': 16, 'streamType': 'start'}",67001857fd4c301deb1b8374,48000.0,16.0,start,2024-10-04 19:31:19.091,AUDIO_STREAM
08fd0ad8-b8bd-4c6d-a1bf-c381dbe24b4d,67272b40-499e-4500-a2bd-6fad1ec52b7f,29,"{'sampleRate': 32000, 'sampleSize': 16, 'streamType': 'start'}",66fff67dda6a1c14831fe2c5,32000.0,16.0,start,2024-10-04 17:06:53.184,AUDIO_STREAM
08fd0ad8-b8bd-4c6d-a1bf-c381dbe24b4d,816d1a35-d7c4-43f6-a6c3-ac2d48526528,40,{'streamType': 'end'},670047e8da6a1c1483247bb1,,,end,2024-10-04 22:54:16.311,AUDIO_STREAM
08fd0ad8-b8bd-4c6d-a1bf-c381dbe24b4d,67db4c6f-c5ca-471c-961f-e8b85295ce75,34,{'streamType': 'end'},66ffae3f55f202ce261cc5d1,,,end,2024-10-04 11:58:39.204,AUDIO_STREAM
08fd0ad8-b8bd-4c6d-a1bf-c381dbe24b4d,67db4c6f-c5ca-471c-961f-e8b85295ce75,64,{'streamType': 'end'},66ffaefd55f202ce261cc8a0,,,end,2024-10-04 12:01:49.862,AUDIO_STREAM
