ASSISTANT_ID,CONVERSATION_ID,EVENT_POSITION,eventData,eventId,key,name,nluEngineVersion,requestLatency,timestamp,typeOfEvent
08fd0ad8-b8bd-4c6d-a1bf-c381dbe24b4d,68a241c5-37a8-4504-a943-6b82581cd270,31,"{'key': 'CAREER', 'name': 'CANNED_RESPONSE_TRIGGERED', 'nluEngineVersion': '0668b4298420020a85dadd5a28482c463c374e23 urmc-d7b76ab58052fc65932cbb27caa4ced2', 'requestLatency': 999}",670e61a08529bdd288ba7509,CAREER,CANNED_RESPONSE_TRIGGERED,0668b4298420020a85dadd5a28482c463c374e23 urmc-d7b76ab58052fc65932cbb27caa4ced2,999,2024-10-15 15:35:44.950,INTENT
08fd0ad8-b8bd-4c6d-a1bf-c381dbe24b4d,637e69ca-97d3-42e4-a64a-7b648122c0fb,26,"{'name': 'CORONAVIRUS_GENERAL', 'nluEngineVersion': '7c8aa7cf05639bb2edb7c225a6aa00c85537c812 urmc-7022bd2a03a123e9d74d07cfe3b3fffe', 'requestLatency': 1778}",670aacce8529bdd2889732ad,,CORONAVIRUS_GENERAL,7c8aa7cf05639bb2edb7c225a6aa00c85537c812 urmc-7022bd2a03a123e9d74d07cfe3b3fffe,1778,2024-10-12 20:07:26.842,INTENT
08fd0ad8-b8bd-4c6d-a1bf-c381dbe24b4d,6188708e-d95d-4466-8f68-e8deaa4d4148,25,"{'name': 'EMERGENCY', 'nluEngineVersion': '7c8aa7cf05639bb2edb7c225a6aa00c85537c812 urmc-7022bd2a03a123e9d74d07cfe3b3fffe', 'requestLatency': 2424}",670ad73c14519701d618b85a,,EMERGENCY,7c8aa7cf05639bb2edb7c225a6aa00c85537c812 urmc-7022bd2a03a123e9d74d07cfe3b3fffe,2424,2024-10-12 23:08:28.055,INTENT
08fd0ad8-b8bd-4c6d-a1bf-c381dbe24b4d,f6ff31d6-8069-4c4e-91ad-873e31b5a63a,29,"{'key': 'CAREER', 'name': 'CANNED_RESPONSE_TRIGGERED', 'nluEngineVersion': '7c8aa7cf05639bb2edb7c225a6aa00c85537c812 urmc-7b5e12e95d40d26d08654ba4a4e3be9b', 'requestLatency': 1289}",670b16f28529bdd2889b9560,CAREER,CANNED_RESPONSE_TRIGGERED,7c8aa7cf05639bb2edb7c225a6aa00c85537c812 urmc-7b5e12e95d40d26d08654ba4a4e3be9b,1289,2024-10-13 03:40:18.586,INTENT
08fd0ad8-b8bd-4c6d-a1bf-c381dbe24b4d,f6ff31d6-8069-4c4e-91ad-873e31b5a63a,46,"{'key': 'CAREER', 'name': 'CANNED_RESPONSE_TRIGGERED', 'nluEngineVersion': '7c8aa7cf05639bb2edb7c225a6aa00c85537c812 urmc-7b5e12e95d40d26d08654ba4a4e3be9b', 'requestLatency': 1515}",670b17088529bdd2889b964e,CAREER,CANNED_RESPONSE_TRIGGERED,7c8aa7cf05639bb2edb7c225a6aa00c85537c812 urmc-7b5e12e95d40d26d08654ba4a4e3be9b,1515,2024-10-13 03:40:40.422,INTENT
08fd0ad8-b8bd-4c6d-a1bf-c381dbe24b4d,6c53d16f-e6b8-4ada-8f8a-a96a46d30979,16,"{'key': 'CAREER', 'name': 'CANNED_RESPONSE_TRIGGERED', 'nluEngineVersion': '5ff2a535c437f358ae08352f1950b76d55dd51f2 urmc-7b5e12e95d40d26d08654ba4a4e3be9b', 'requestLatency': 952}",670c2cb68529bdd288a3e78e,CAREER,CANNED_RESPONSE_TRIGGERED,5ff2a535c437f358ae08352f1950b76d55dd51f2 urmc-7b5e12e95d40d26d08654ba4a4e3be9b,952,2024-10-13 23:25:26.524,INTENT
08fd0ad8-b8bd-4c6d-a1bf-c381dbe24b4d,e0642ba5-5843-4f04-ba5b-f497846f421c,24,"{'name': 'INFORMATION_SEARCH', 'nluEngineVersion': '7c8aa7cf05639bb2edb7c225a6aa00c85537c812 urmc-7022bd2a03a123e9d74d07cfe3b3fffe', 'requestLatency': 2891}",670ac6108529bdd288985d11,,INFORMATION_SEARCH,7c8aa7cf05639bb2edb7c225a6aa00c85537c812 urmc-7022bd2a03a123e9d74d07cfe3b3fffe,2891,2024-10-12 21:55:12.211,INTENT
08fd0ad8-b8bd-4c6d-a1bf-c381dbe24b4d,966a4bd1-f35b-4711-8fc4-bdaaa659fccd,22,"{'name': 'INFORMATION_SEARCH', 'nluEngineVersion': '7c8aa7cf05639bb2edb7c225a6aa00c85537c812 urmc-7022bd2a03a123e9d74d07cfe3b3fffe', 'requestLatency': 2232}",670ac7158529bdd28898691b,,INFORMATION_SEARCH,7c8aa7cf05639bb2edb7c225a6aa00c85537c812 urmc-7022bd2a03a123e9d74d07cfe3b3fffe,2232,2024-10-12 21:59:33.112,INTENT
08fd0ad8-b8bd-4c6d-a1bf-c381dbe24b4d,a227e1dc-5803-47ea-999e-fd6757720306,24,"{'name': 'CORONAVIRUS_GENERAL', 'nluEngineVersion': '9fa39a7450e451c50af6cd065449a16961ff1eff urmc-0bbf8416e2dffb4d5af60416f6e94ed5', 'requestLatency': 1007}",670699057673c82f4274a2de,,CORONAVIRUS_GENERAL,9fa39a7450e451c50af6cd065449a16961ff1eff urmc-0bbf8416e2dffb4d5af60416f6e94ed5,1007,2024-10-09 17:53:57.795,INTENT
08fd0ad8-b8bd-4c6d-a1bf-c381dbe24b4d,0f3d5119-a035-4199-bab8-fc4c312e819c,24,"{'name': 'INFORMATION_SEARCH', 'nluEngineVersion': 'a6f109567b9d330e351f52437db72c06ebe694f2 urmc-f95578ec092932482f95a0d3fdaedaa8', 'requestLatency': 1785}",6705ef4714519701d6e66232,,INFORMATION_SEARCH,a6f109567b9d330e351f52437db72c06ebe694f2 urmc-f95578ec092932482f95a0d3fdaedaa8,1785,2024-10-09 05:49:43.733,INTENT
08fd0ad8-b8bd-4c6d-a1bf-c381dbe24b4d,2896ceaa-2a28-4414-aa3a-ef59827c6ec6,20,"{'key': 'MY_CHART', 'name': 'CANNED_RESPONSE_TRIGGERED', 'nluEngineVersion': '65d388268f9c81a5fb065f9cf8445d04396053ce urmc-480f4182e6c89e0232888471a5937803', 'requestLatency': 1195}",67001707fd4c301deb1b7089,MY_CHART,CANNED_RESPONSE_TRIGGERED,65d388268f9c81a5fb065f9cf8445d04396053ce urmc-480f4182e6c89e0232888471a5937803,1195,2024-10-04 19:25:43.512,INTENT
08fd0ad8-b8bd-4c6d-a1bf-c381dbe24b4d,97a1eafd-5728-42c5-8cee-5bca62a66f13,93,"{'name': 'INFORMATION_SEARCH', 'nluEngineVersion': '65d388268f9c81a5fb065f9cf8445d04396053ce urmc-6d31e9428cd30eafb7aedfca66870d2b', 'requestLatency': 1708}",66fff07855f202ce261f5ebb,,INFORMATION_SEARCH,65d388268f9c81a5fb065f9cf8445d04396053ce urmc-6d31e9428cd30eafb7aedfca66870d2b,1708,2024-10-04 16:41:12.869,INTENT
08fd0ad8-b8bd-4c6d-a1bf-c381dbe24b4d,2c65700b-c563-42a5-b942-6b275c5fb48e,19,"{'key': 'CAREER', 'name': 'CANNED_RESPONSE_TRIGGERED', 'nluEngineVersion': '65d388268f9c81a5fb065f9cf8445d04396053ce urmc-6a3114572dffb9b823623fc3281cb224', 'requestLatency': 1024}",66fdc57655f202ce26093a6e,CAREER,CANNED_RESPONSE_TRIGGERED,65d388268f9c81a5fb065f9cf8445d04396053ce urmc-6a3114572dffb9b823623fc3281cb224,1024,2024-10-03 01:13:10.045,INTENT
08fd0ad8-b8bd-4c6d-a1bf-c381dbe24b4d,5bebe54f-3b1a-4d29-8b1e-a9e3302a09b0,95,"{'name': 'INFORMATION_SEARCH', 'nluEngineVersion': '65d388268f9c81a5fb065f9cf8445d04396053ce urmc-6a3114572dffb9b823623fc3281cb224', 'requestLatency': 1335}",66fdba2dce37c378348e3dd6,,INFORMATION_SEARCH,65d388268f9c81a5fb065f9cf8445d04396053ce urmc-6a3114572dffb9b823623fc3281cb224,1335,2024-10-03 00:25:01.992,INTENT
08fd0ad8-b8bd-4c6d-a1bf-c381dbe24b4d,bc1f5f52-602d-43f7-bedf-c5b055b747e0,21,"{'name': 'EMERGENCY', 'nluEngineVersion': '65d388268f9c81a5fb065f9cf8445d04396053ce urmc-480f4182e6c89e0232888471a5937803', 'requestLatency': 1712}",6700089655f202ce26210428,,EMERGENCY,65d388268f9c81a5fb065f9cf8445d04396053ce urmc-480f4182e6c89e0232888471a5937803,1712,2024-10-04 18:24:06.621,INTENT
08fd0ad8-b8bd-4c6d-a1bf-c381dbe24b4d,5469bfd3-8d10-4552-99dc-7c577f729944,53,"{'key': 'MY_CHART', 'name': 'CANNED_RESPONSE_TRIGGERED', 'nluEngineVersion': '65d388268f9c81a5fb065f9cf8445d04396053ce urmc-480f4182e6c89e0232888471a5937803', 'requestLatency': 1124}",66ffffc555f202ce26205bd0,MY_CHART,CANNED_RESPONSE_TRIGGERED,65d388268f9c81a5fb065f9cf8445d04396053ce urmc-480f4182e6c89e0232888471a5937803,1124,2024-10-04 17:46:29.361,INTENT
08fd0ad8-b8bd-4c6d-a1bf-c381dbe24b4d,50b90f6c-3062-4232-863c-9ec6ecb74861,28,"{'key': 'CAREER', 'name': 'CANNED_RESPONSE_TRIGGERED', 'nluEngineVersion': '65d388268f9c81a5fb065f9cf8445d04396053ce urmc-480f4182e6c89e0232888471a5937803', 'requestLatency': 1145}",66fff54fce37c37834a7de7b,CAREER,CANNED_RESPONSE_TRIGGERED,65d388268f9c81a5fb065f9cf8445d04396053ce urmc-480f4182e6c89e0232888471a5937803,1145,2024-10-04 17:01:51.468,INTENT
08fd0ad8-b8bd-4c6d-a1bf-c381dbe24b4d,5fb8d3c9-2e83-47b8-8e83-197f43011b23,24,"{'name': 'INFORMATION_SEARCH', 'nluEngineVersion': '65d388268f9c81a5fb065f9cf8445d04396053ce urmc-480f4182e6c89e0232888471a5937803', 'requestLatency': 1656}",6700151afd4c301deb1b54ef,,INFORMATION_SEARCH,65d388268f9c81a5fb065f9cf8445d04396053ce urmc-480f4182e6c89e0232888471a5937803,1656,2024-10-04 19:17:30.359,INTENT
08fd0ad8-b8bd-4c6d-a1bf-c381dbe24b4d,b85c2b18-d426-48a5-ab3f-0b8bdc84e97a,45,"{'name': 'INFORMATION_SEARCH', 'nluEngineVersion': '65d388268f9c81a5fb065f9cf8445d04396053ce urmc-f8af18fcbc10a021a6068c79edd3e93f', 'requestLatency': 2772}",66fd74914a29b75ae498ddb1,,INFORMATION_SEARCH,65d388268f9c81a5fb065f9cf8445d04396053ce urmc-f8af18fcbc10a021a6068c79edd3e93f,2772,2024-10-02 19:28:01.802,INTENT
08fd0ad8-b8bd-4c6d-a1bf-c381dbe24b4d,c131cebc-880b-424a-afe4-ecf901a21c31,29,"{'key': 'MY_CHART', 'name': 'CANNED_RESPONSE_TRIGGERED', 'nluEngineVersion': 'e1540ef6ef90a451708d44b77b7f914b18c92060 urmc-5acc02dcce4ca96fa36dc5578ebacdc1', 'requestLatency': 1223}",67082ef98529bdd2887e1841,MY_CHART,CANNED_RESPONSE_TRIGGERED,e1540ef6ef90a451708d44b77b7f914b18c92060 urmc-5acc02dcce4ca96fa36dc5578ebacdc1,1223,2024-10-10 22:46:01.712,INTENT
08fd0ad8-b8bd-4c6d-a1bf-c381dbe24b4d,3683f412-77a1-47f1-88bc-18347217ec3e,29,"{'name': 'EMERGENCY', 'nluEngineVersion': '7c8aa7cf05639bb2edb7c225a6aa00c85537c812 urmc-5acc02dcce4ca96fa36dc5578ebacdc1', 'requestLatency': 989}",67086898d7b6713c29c52e87,,EMERGENCY,7c8aa7cf05639bb2edb7c225a6aa00c85537c812 urmc-5acc02dcce4ca96fa36dc5578ebacdc1,989,2024-10-11 02:51:52.529,INTENT
08fd0ad8-b8bd-4c6d-a1bf-c381dbe24b4d,3683f412-77a1-47f1-88bc-18347217ec3e,39,"{'name': 'EMERGENCY', 'nluEngineVersion': '7c8aa7cf05639bb2edb7c225a6aa00c85537c812 urmc-5acc02dcce4ca96fa36dc5578ebacdc1', 'requestLatency': 1096}",670868b2d7b6713c29c52f84,,EMERGENCY,7c8aa7cf05639bb2edb7c225a6aa00c85537c812 urmc-5acc02dcce4ca96fa36dc5578ebacdc1,1096,2024-10-11 02:52:18.133,INTENT
08fd0ad8-b8bd-4c6d-a1bf-c381dbe24b4d,f2c79ad2-f0d6-4a79-aaa1-240b8e2650ef,64,"{'name': 'INFORMATION_SEARCH', 'nluEngineVersion': '5ff2a535c437f358ae08352f1950b76d55dd51f2 urmc-7b5e12e95d40d26d08654ba4a4e3be9b', 'requestLatency': 1129}",670c37a78529bdd288a46874,,INFORMATION_SEARCH,5ff2a535c437f358ae08352f1950b76d55dd51f2 urmc-7b5e12e95d40d26d08654ba4a4e3be9b,1129,2024-10-14 00:12:07.362,INTENT
08fd0ad8-b8bd-4c6d-a1bf-c381dbe24b4d,89df92a8-729f-4446-88f1-bda445867415,65,"{'key': 'MY_CHART', 'name': 'CANNED_RESPONSE_TRIGGERED', 'nluEngineVersion': '5ff2a535c437f358ae08352f1950b76d55dd51f2 urmc-7b5e12e95d40d26d08654ba4a4e3be9b', 'requestLatency': 1481}",670bfa378529bdd288a19815,MY_CHART,CANNED_RESPONSE_TRIGGERED,5ff2a535c437f358ae08352f1950b76d55dd51f2 urmc-7b5e12e95d40d26d08654ba4a4e3be9b,1481,2024-10-13 19:49:59.762,INTENT
08fd0ad8-b8bd-4c6d-a1bf-c381dbe24b4d,dca37f59-665b-4285-be09-dda0f585572a,42,"{'key': 'CAREER', 'name': 'CANNED_RESPONSE_TRIGGERED', 'nluEngineVersion': '7c8aa7cf05639bb2edb7c225a6aa00c85537c812 urmc-7b5e12e95d40d26d08654ba4a4e3be9b', 'requestLatency': 1826}",670b1c1714519701d61b5bf6,CAREER,CANNED_RESPONSE_TRIGGERED,7c8aa7cf05639bb2edb7c225a6aa00c85537c812 urmc-7b5e12e95d40d26d08654ba4a4e3be9b,1826,2024-10-13 04:02:15.924,INTENT
08fd0ad8-b8bd-4c6d-a1bf-c381dbe24b4d,5953596e-d9e0-401f-b37b-1ff8fc729b4f,47,"{'name': 'EMERGENCY', 'nluEngineVersion': 'e1540ef6ef90a451708d44b77b7f914b18c92060 urmc-5acc02dcce4ca96fa36dc5578ebacdc1', 'requestLatency': 1884}",6707be4714519701d6f7c229,,EMERGENCY,e1540ef6ef90a451708d44b77b7f914b18c92060 urmc-5acc02dcce4ca96fa36dc5578ebacdc1,1884,2024-10-10 14:45:11.499,INTENT
08fd0ad8-b8bd-4c6d-a1bf-c381dbe24b4d,a5489d8d-f471-494b-8c4e-8b4c3f825145,17,"{'name': 'EMERGENCY', 'nluEngineVersion': '65d388268f9c81a5fb065f9cf8445d04396053ce urmc-dae7856d287399b0f2ee2498371c2aff', 'requestLatency': 2405}",67020596ce37c37834bebb72,,EMERGENCY,65d388268f9c81a5fb065f9cf8445d04396053ce urmc-dae7856d287399b0f2ee2498371c2aff,2405,2024-10-06 06:35:50.054,INTENT
08fd0ad8-b8bd-4c6d-a1bf-c381dbe24b4d,69b90cd8-6a28-4d73-bcf5-71bbc4420d27,20,"{'name': 'INFORMATION_SEARCH', 'nluEngineVersion': '031d35f82e7967868701ab7a113d640337d5b1ef urmc-f6abf1135b374ee1def31fd3efc6e049', 'requestLatency': 1600}",6702cef6ce37c37834c457be,,INFORMATION_SEARCH,031d35f82e7967868701ab7a113d640337d5b1ef urmc-f6abf1135b374ee1def31fd3efc6e049,1600,2024-10-06 20:55:02.155,INTENT
08fd0ad8-b8bd-4c6d-a1bf-c381dbe24b4d,bfd8be74-8a81-485d-aa76-f1983b2ed9f9,35,"{'name': 'INFORMATION_SEARCH', 'nluEngineVersion': '265ce52a394afbeeb9cc81f35c2133078aa86778 urmc-cc2249aff481bd86c34d6b5bbd70bbb6', 'requestLatency': 1746}",67029b97ce37c37834c1eb8b,,INFORMATION_SEARCH,265ce52a394afbeeb9cc81f35c2133078aa86778 urmc-cc2249aff481bd86c34d6b5bbd70bbb6,1746,2024-10-06 17:15:51.070,INTENT
08fd0ad8-b8bd-4c6d-a1bf-c381dbe24b4d,56d246f2-ba61-4fb1-a61c-068a21998299,39,"{'name': 'INFORMATION_SEARCH', 'nluEngineVersion': '65d388268f9c81a5fb065f9cf8445d04396053ce urmc-dae7856d287399b0f2ee2498371c2aff', 'requestLatency': 1922}",6701ffa4ce37c37834be8f39,,INFORMATION_SEARCH,65d388268f9c81a5fb065f9cf8445d04396053ce urmc-dae7856d287399b0f2ee2498371c2aff,1922,2024-10-06 06:10:28.008,INTENT
08fd0ad8-b8bd-4c6d-a1bf-c381dbe24b4d,10f99a9b-7600-46f1-aa05-fbe5ab82aee5,32,"{'key': 'CAREER', 'name': 'CANNED_RESPONSE_TRIGGERED', 'nluEngineVersion': '65d388268f9c81a5fb065f9cf8445d04396053ce urmc-6d31e9428cd30eafb7aedfca66870d2b', 'requestLatency': 1387}",66ff1555ce37c378349ee70b,CAREER,CANNED_RESPONSE_TRIGGERED,65d388268f9c81a5fb065f9cf8445d04396053ce urmc-6d31e9428cd30eafb7aedfca66870d2b,1387,2024-10-04 01:06:13.634,INTENT
08fd0ad8-b8bd-4c6d-a1bf-c381dbe24b4d,906f711e-74bf-493c-9df1-169d32774218,100,"{'name': 'CORONAVIRUS_GENERAL', 'nluEngineVersion': '65d388268f9c81a5fb065f9cf8445d04396053ce urmc-6d31e9428cd30eafb7aedfca66870d2b', 'requestLatency': 4088}",66fef20c9aed72ff524d6283,,CORONAVIRUS_GENERAL,65d388268f9c81a5fb065f9cf8445d04396053ce urmc-6d31e9428cd30eafb7aedfca66870d2b,4088,2024-10-03 22:35:40.634,INTENT
08fd0ad8-b8bd-4c6d-a1bf-c381dbe24b4d,906f711e-74bf-493c-9df1-169d32774218,182,"{'name': 'CORONAVIRUS_GENERAL', 'nluEngineVersion': '65d388268f9c81a5fb065f9cf8445d04396053ce urmc-6d31e9428cd30eafb7aedfca66870d2b', 'requestLatency': 4175}",66fef62d9aed72ff524d9f23,,CORONAVIRUS_GENERAL,65d388268f9c81a5fb065f9cf8445d04396053ce urmc-6d31e9428cd30eafb7aedfca66870d2b,4175,2024-10-03 22:53:17.572,INTENT
08fd0ad8-b8bd-4c6d-a1bf-c381dbe24b4d,419d9d2a-e3f9-4161-b5ef-72afb96eecd8,24,"{'name': 'INFORMATION_SEARCH', 'nluEngineVersion': '8307155cd3fb198077acd99ef4a2e834c23ed71f urmc-89d910f65fcc8f771e58593cb7e0ce9d', 'requestLatency': 1402}",670d84438529bdd288b2ab45,,INFORMATION_SEARCH,8307155cd3fb198077acd99ef4a2e834c23ed71f urmc-89d910f65fcc8f771e58593cb7e0ce9d,1402,2024-10-14 23:51:15.969,INTENT
08fd0ad8-b8bd-4c6d-a1bf-c381dbe24b4d,7fb20a7d-1471-4c13-80e6-e8a788fe05f1,57,"{'name': 'INFORMATION_SEARCH', 'nluEngineVersion': 'bf0fa48f613fdf0b2793c9372faf42e8bb3aa883 urmc-89d910f65fcc8f771e58593cb7e0ce9d', 'requestLatency': 262}",670d06a98529bdd288ab1bf9,,INFORMATION_SEARCH,bf0fa48f613fdf0b2793c9372faf42e8bb3aa883 urmc-89d910f65fcc8f771e58593cb7e0ce9d,262,2024-10-14 14:55:21.461,INTENT
08fd0ad8-b8bd-4c6d-a1bf-c381dbe24b4d,2221c0cb-5ec0-4db0-bd21-f5fbc5950082,19,"{'key': 'CAREER', 'name': 'CANNED_RESPONSE_TRIGGERED', 'nluEngineVersion': 'bf0fa48f613fdf0b2793c9372faf42e8bb3aa883 urmc-89d910f65fcc8f771e58593cb7e0ce9d', 'requestLatency': 707}",670d4a4f881e9aad8ce3c7e7,CAREER,CANNED_RESPONSE_TRIGGERED,bf0fa48f613fdf0b2793c9372faf42e8bb3aa883 urmc-89d910f65fcc8f771e58593cb7e0ce9d,707,2024-10-14 19:43:59.496,INTENT
08fd0ad8-b8bd-4c6d-a1bf-c381dbe24b4d,151627d2-aabe-418e-9302-ccc980c68890,45,"{'key': 'MY_CHART', 'name': 'CANNED_RESPONSE_TRIGGERED', 'nluEngineVersion': 'bf0fa48f613fdf0b2793c9372faf42e8bb3aa883 urmc-89d910f65fcc8f771e58593cb7e0ce9d', 'requestLatency': 3029}",670d30d28529bdd288adc9dd,MY_CHART,CANNED_RESPONSE_TRIGGERED,bf0fa48f613fdf0b2793c9372faf42e8bb3aa883 urmc-89d910f65fcc8f771e58593cb7e0ce9d,3029,2024-10-14 17:55:14.086,INTENT
08fd0ad8-b8bd-4c6d-a1bf-c381dbe24b4d,339b2e95-93e5-4df6-84e8-ee22a574d715,65,"{'key': 'MY_CHART', 'name': 'CANNED_RESPONSE_TRIGGERED', 'nluEngineVersion': '8307155cd3fb198077acd99ef4a2e834c23ed71f urmc-89d910f65fcc8f771e58593cb7e0ce9d', 'requestLatency': 418}",670d7a893aa758cc7b489da4,MY_CHART,CANNED_RESPONSE_TRIGGERED,8307155cd3fb198077acd99ef4a2e834c23ed71f urmc-89d910f65fcc8f771e58593cb7e0ce9d,418,2024-10-14 23:09:45.828,INTENT
08fd0ad8-b8bd-4c6d-a1bf-c381dbe24b4d,26753b47-c3ba-4e81-98a0-e5a4efb24af4,28,"{'name': 'INFORMATION_SEARCH', 'nluEngineVersion': 'e1540ef6ef90a451708d44b77b7f914b18c92060 urmc-5acc02dcce4ca96fa36dc5578ebacdc1', 'requestLatency': 1547}",6707f7fa8529bdd2887b1325,,INFORMATION_SEARCH,e1540ef6ef90a451708d44b77b7f914b18c92060 urmc-5acc02dcce4ca96fa36dc5578ebacdc1,1547,2024-10-10 18:51:22.005,INTENT
08fd0ad8-b8bd-4c6d-a1bf-c381dbe24b4d,5bb9ad33-8d8f-4188-9d1c-e4497d779d8c,23,"{'name': 'EMERGENCY', 'nluEngineVersion': '994728dac64a817fed0f861790cb68161d62463e urmc-9e92385eca986a968c0ca3e707e0274a', 'requestLatency': 2468}",66fc055206ea172c89c8d38c,,EMERGENCY,994728dac64a817fed0f861790cb68161d62463e urmc-9e92385eca986a968c0ca3e707e0274a,2468,2024-10-01 17:21:06.537,INTENT
08fd0ad8-b8bd-4c6d-a1bf-c381dbe24b4d,5bb9ad33-8d8f-4188-9d1c-e4497d779d8c,39,"{'key': 'CAREER', 'name': 'CANNED_RESPONSE_TRIGGERED', 'nluEngineVersion': '994728dac64a817fed0f861790cb68161d62463e urmc-9e92385eca986a968c0ca3e707e0274a', 'requestLatency': 1544}",66fc058406ea172c89c8d7b4,CAREER,CANNED_RESPONSE_TRIGGERED,994728dac64a817fed0f861790cb68161d62463e urmc-9e92385eca986a968c0ca3e707e0274a,1544,2024-10-01 17:21:56.587,INTENT
08fd0ad8-b8bd-4c6d-a1bf-c381dbe24b4d,5dab2098-41e2-40f3-8296-dc43c00846ea,22,"{'name': 'INFORMATION_SEARCH', 'nluEngineVersion': '994728dac64a817fed0f861790cb68161d62463e urmc-9e92385eca986a968c0ca3e707e0274a', 'requestLatency': 1307}",66fc09c606ea172c89c92a96,,INFORMATION_SEARCH,994728dac64a817fed0f861790cb68161d62463e urmc-9e92385eca986a968c0ca3e707e0274a,1307,2024-10-01 17:40:06.421,INTENT
08fd0ad8-b8bd-4c6d-a1bf-c381dbe24b4d,9f47d76b-e9e0-4a45-b1c6-a1b1098adc87,18,"{'name': 'INFORMATION_SEARCH', 'nluEngineVersion': '4609cb093feb4b81e1200cab7c7c85c9232cd322 urmc-a43d342e560c87ad176adc4129f9e663', 'requestLatency': 465}",670eeb3e14519701d64188dc,,INFORMATION_SEARCH,4609cb093feb4b81e1200cab7c7c85c9232cd322 urmc-a43d342e560c87ad176adc4129f9e663,465,2024-10-16 01:22:54.431,INTENT
08fd0ad8-b8bd-4c6d-a1bf-c381dbe24b4d,4d1e1c0a-ef9e-42bf-9056-00086f263c10,22,"{'name': 'INFORMATION_SEARCH', 'nluEngineVersion': '65d388268f9c81a5fb065f9cf8445d04396053ce urmc-dae7856d287399b0f2ee2498371c2aff', 'requestLatency': 2241}",67018e3fce37c37834b9c865,,INFORMATION_SEARCH,65d388268f9c81a5fb065f9cf8445d04396053ce urmc-dae7856d287399b0f2ee2498371c2aff,2241,2024-10-05 22:06:39.211,INTENT
08fd0ad8-b8bd-4c6d-a1bf-c381dbe24b4d,57fbd9c5-aa71-4fd7-b6be-300e46172d99,19,"{'name': 'INFORMATION_SEARCH', 'nluEngineVersion': 'bf0fa48f613fdf0b2793c9372faf42e8bb3aa883 urmc-89d910f65fcc8f771e58593cb7e0ce9d', 'requestLatency': 2821}",670d485c8790e7f88c27468f,,INFORMATION_SEARCH,bf0fa48f613fdf0b2793c9372faf42e8bb3aa883 urmc-89d910f65fcc8f771e58593cb7e0ce9d,2821,2024-10-14 19:35:40.813,INTENT
08fd0ad8-b8bd-4c6d-a1bf-c381dbe24b4d,b7fa5051-4296-471e-88b8-00a3fbc39544,41,"{'key': 'CAREER', 'name': 'CANNED_RESPONSE_TRIGGERED', 'nluEngineVersion': '5ff2a535c437f358ae08352f1950b76d55dd51f2 urmc-7b5e12e95d40d26d08654ba4a4e3be9b', 'requestLatency': 2774}",670cc9d08529bdd288a9af8f,CAREER,CANNED_RESPONSE_TRIGGERED,5ff2a535c437f358ae08352f1950b76d55dd51f2 urmc-7b5e12e95d40d26d08654ba4a4e3be9b,2774,2024-10-14 10:35:44.705,INTENT
08fd0ad8-b8bd-4c6d-a1bf-c381dbe24b4d,fba29c23-fb61-4580-9d64-1b0f00e608a5,35,"{'name': 'INFORMATION_SEARCH', 'nluEngineVersion': 'bf0fa48f613fdf0b2793c9372faf42e8bb3aa883 urmc-89d910f65fcc8f771e58593cb7e0ce9d', 'requestLatency': 1506}",670cf87314519701d629fd8e,,INFORMATION_SEARCH,bf0fa48f613fdf0b2793c9372faf42e8bb3aa883 urmc-89d910f65fcc8f771e58593cb7e0ce9d,1506,2024-10-14 13:54:43.759,INTENT
08fd0ad8-b8bd-4c6d-a1bf-c381dbe24b4d,064807e4-b279-46d4-8b5f-d002f93d267d,58,"{'name': 'INFORMATION_SEARCH', 'nluEngineVersion': '686409c9455ddf31a54123e15d75d36a74e50871 urmc-89d910f65fcc8f771e58593cb7e0ce9d', 'requestLatency': 659}",670d926614519701d632a186,,INFORMATION_SEARCH,686409c9455ddf31a54123e15d75d36a74e50871 urmc-89d910f65fcc8f771e58593cb7e0ce9d,659,2024-10-15 00:51:34.087,INTENT
08fd0ad8-b8bd-4c6d-a1bf-c381dbe24b4d,064807e4-b279-46d4-8b5f-d002f93d267d,66,"{'name': 'INFORMATION_SEARCH', 'nluEngineVersion': '686409c9455ddf31a54123e15d75d36a74e50871 urmc-89d910f65fcc8f771e58593cb7e0ce9d', 'requestLatency': 1575}",670d928114519701d632a2d8,,INFORMATION_SEARCH,686409c9455ddf31a54123e15d75d36a74e50871 urmc-89d910f65fcc8f771e58593cb7e0ce9d,1575,2024-10-15 00:52:01.298,INTENT
08fd0ad8-b8bd-4c6d-a1bf-c381dbe24b4d,156603aa-b4d1-4ce1-9171-f42809f47694,23,"{'key': 'CAREER', 'name': 'CANNED_RESPONSE_TRIGGERED', 'nluEngineVersion': 'bf0fa48f613fdf0b2793c9372faf42e8bb3aa883 urmc-89d910f65fcc8f771e58593cb7e0ce9d', 'requestLatency': 1932}",670d2cb68790e7f88c25b8f1,CAREER,CANNED_RESPONSE_TRIGGERED,bf0fa48f613fdf0b2793c9372faf42e8bb3aa883 urmc-89d910f65fcc8f771e58593cb7e0ce9d,1932,2024-10-14 17:37:42.062,INTENT
08fd0ad8-b8bd-4c6d-a1bf-c381dbe24b4d,2f0be616-8849-4948-a880-4c35840acb58,21,"{'name': 'INFORMATION_SEARCH', 'nluEngineVersion': 'bf0fa48f613fdf0b2793c9372faf42e8bb3aa883 urmc-89d910f65fcc8f771e58593cb7e0ce9d', 'requestLatency': 1975}",670d474614519701d62e6ba2,,INFORMATION_SEARCH,bf0fa48f613fdf0b2793c9372faf42e8bb3aa883 urmc-89d910f65fcc8f771e58593cb7e0ce9d,1975,2024-10-14 19:31:02.023,INTENT
08fd0ad8-b8bd-4c6d-a1bf-c381dbe24b4d,2446844d-354e-4334-b3fd-e42928414cd6,18,"{'name': 'CORONAVIRUS_GENERAL', 'nluEngineVersion': '5ff2a535c437f358ae08352f1950b76d55dd51f2 urmc-7b5e12e95d40d26d08654ba4a4e3be9b', 'requestLatency': 1083}",670c5ae48529bdd288a60426,,CORONAVIRUS_GENERAL,5ff2a535c437f358ae08352f1950b76d55dd51f2 urmc-7b5e12e95d40d26d08654ba4a4e3be9b,1083,2024-10-14 02:42:28.023,INTENT
08fd0ad8-b8bd-4c6d-a1bf-c381dbe24b4d,b05d2685-e10c-4ac9-9b3e-a3d150ed29a4,72,"{'key': 'CAREER', 'name': 'CANNED_RESPONSE_TRIGGERED', 'nluEngineVersion': '7c8aa7cf05639bb2edb7c225a6aa00c85537c812 urmc-b36d458c4b00d2be35abe2d4d99f8ef6', 'requestLatency': 1431}",67089c608529bdd288833d6f,CAREER,CANNED_RESPONSE_TRIGGERED,7c8aa7cf05639bb2edb7c225a6aa00c85537c812 urmc-b36d458c4b00d2be35abe2d4d99f8ef6,1431,2024-10-11 06:32:48.467,INTENT
08fd0ad8-b8bd-4c6d-a1bf-c381dbe24b4d,ce5acd64-4a36-4e90-a780-364300b6803c,24,"{'name': 'INFORMATION_SEARCH', 'nluEngineVersion': '7c8aa7cf05639bb2edb7c225a6aa00c85537c812 urmc-b36d458c4b00d2be35abe2d4d99f8ef6', 'requestLatency': 881}",6709671d8529bdd2888af441,,INFORMATION_SEARCH,7c8aa7cf05639bb2edb7c225a6aa00c85537c812 urmc-b36d458c4b00d2be35abe2d4d99f8ef6,881,2024-10-11 20:57:49.037,INTENT
08fd0ad8-b8bd-4c6d-a1bf-c381dbe24b4d,12b2bdd4-c9c0-4bb8-b0bb-0f1234b0b3ec,43,"{'name': 'EMERGENCY', 'nluEngineVersion': 'bf0fa48f613fdf0b2793c9372faf42e8bb3aa883 urmc-7b5e12e95d40d26d08654ba4a4e3be9b', 'requestLatency': 560}",670cd85714519701d6295441,,EMERGENCY,bf0fa48f613fdf0b2793c9372faf42e8bb3aa883 urmc-7b5e12e95d40d26d08654ba4a4e3be9b,560,2024-10-14 11:37:43.885,INTENT
08fd0ad8-b8bd-4c6d-a1bf-c381dbe24b4d,5ba4b863-364b-4ec5-8e0a-54b21cc76e34,32,"{'name': 'CORONAVIRUS_GENERAL', 'nluEngineVersion': 'bf0fa48f613fdf0b2793c9372faf42e8bb3aa883 urmc-89d910f65fcc8f771e58593cb7e0ce9d', 'requestLatency': 4517}",670d3a8d8790e7f88c268f5b,,CORONAVIRUS_GENERAL,bf0fa48f613fdf0b2793c9372faf42e8bb3aa883 urmc-89d910f65fcc8f771e58593cb7e0ce9d,4517,2024-10-14 18:36:45.962,INTENT
08fd0ad8-b8bd-4c6d-a1bf-c381dbe24b4d,5ba4b863-364b-4ec5-8e0a-54b21cc76e34,113,"{'name': 'CORONAVIRUS_GENERAL', 'nluEngineVersion': 'bf0fa48f613fdf0b2793c9372faf42e8bb3aa883 urmc-89d910f65fcc8f771e58593cb7e0ce9d', 'requestLatency': 3043}",670d40658790e7f88c26dde9,,CORONAVIRUS_GENERAL,bf0fa48f613fdf0b2793c9372faf42e8bb3aa883 urmc-89d910f65fcc8f771e58593cb7e0ce9d,3043,2024-10-14 19:01:41.562,INTENT
08fd0ad8-b8bd-4c6d-a1bf-c381dbe24b4d,11b0e6c0-6d2f-4a10-8651-7da0f3e08b92,20,"{'key': 'CAREER', 'name': 'CANNED_RESPONSE_TRIGGERED', 'nluEngineVersion': '7c8aa7cf05639bb2edb7c225a6aa00c85537c812 urmc-b36d458c4b00d2be35abe2d4d99f8ef6', 'requestLatency': 3557}",67092ac614519701d60743a7,CAREER,CANNED_RESPONSE_TRIGGERED,7c8aa7cf05639bb2edb7c225a6aa00c85537c812 urmc-b36d458c4b00d2be35abe2d4d99f8ef6,3557,2024-10-11 16:40:22.946,INTENT
08fd0ad8-b8bd-4c6d-a1bf-c381dbe24b4d,9162e272-a567-449d-8af5-aa16eb9b2f77,22,"{'name': 'CORONAVIRUS_GENERAL', 'nluEngineVersion': '65d388268f9c81a5fb065f9cf8445d04396053ce urmc-f8af18fcbc10a021a6068c79edd3e93f', 'requestLatency': 5988}",66fc56e106ea172c89cd7d41,,CORONAVIRUS_GENERAL,65d388268f9c81a5fb065f9cf8445d04396053ce urmc-f8af18fcbc10a021a6068c79edd3e93f,5988,2024-10-01 23:09:05.694,INTENT
08fd0ad8-b8bd-4c6d-a1bf-c381dbe24b4d,6d9a7075-bf21-4496-a413-8c9870346320,20,"{'key': 'MY_CHART', 'name': 'CANNED_RESPONSE_TRIGGERED', 'nluEngineVersion': '994728dac64a817fed0f861790cb68161d62463e urmc-5045c59462abcdbf1dd96474e081c41b', 'requestLatency': 4269}",66fc1540ce37c3783479cbfa,MY_CHART,CANNED_RESPONSE_TRIGGERED,994728dac64a817fed0f861790cb68161d62463e urmc-5045c59462abcdbf1dd96474e081c41b,4269,2024-10-01 18:29:04.513,INTENT
08fd0ad8-b8bd-4c6d-a1bf-c381dbe24b4d,6d9a7075-bf21-4496-a413-8c9870346320,39,"{'key': 'MY_CHART', 'name': 'CANNED_RESPONSE_TRIGGERED', 'nluEngineVersion': '994728dac64a817fed0f861790cb68161d62463e urmc-5045c59462abcdbf1dd96474e081c41b', 'requestLatency': 3722}",66fc1563ce37c3783479ce38,MY_CHART,CANNED_RESPONSE_TRIGGERED,994728dac64a817fed0f861790cb68161d62463e urmc-5045c59462abcdbf1dd96474e081c41b,3722,2024-10-01 18:29:39.756,INTENT
08fd0ad8-b8bd-4c6d-a1bf-c381dbe24b4d,a8a62a5f-9a20-434c-9d30-b0ae236905de,81,"{'key': 'MY_CHART', 'name': 'CANNED_RESPONSE_TRIGGERED', 'nluEngineVersion': '994728dac64a817fed0f861790cb68161d62463e urmc-5045c59462abcdbf1dd96474e081c41b', 'requestLatency': 1298}",66fc176006ea172c89ca038c,MY_CHART,CANNED_RESPONSE_TRIGGERED,994728dac64a817fed0f861790cb68161d62463e urmc-5045c59462abcdbf1dd96474e081c41b,1298,2024-10-01 18:38:08.195,INTENT
08fd0ad8-b8bd-4c6d-a1bf-c381dbe24b4d,363bd5f5-ef2b-4616-a329-4c2bb86771a6,19,"{'name': 'EMERGENCY', 'nluEngineVersion': '994728dac64a817fed0f861790cb68161d62463e urmc-5045c59462abcdbf1dd96474e081c41b', 'requestLatency': 2216}",66fc2714ce37c378347add6c,,EMERGENCY,994728dac64a817fed0f861790cb68161d62463e urmc-5045c59462abcdbf1dd96474e081c41b,2216,2024-10-01 19:45:08.276,INTENT
08fd0ad8-b8bd-4c6d-a1bf-c381dbe24b4d,35c6857c-6d9d-4da1-9228-6f6ca92e44fd,52,"{'name': 'INFORMATION_SEARCH', 'nluEngineVersion': 'd19ace2641a995554c48700cbecb9ca30b97477f urmc-169973b677a1a13aeec39e84f4b2807a', 'requestLatency': 491}",67043df0ce37c37834d4617c,,INFORMATION_SEARCH,d19ace2641a995554c48700cbecb9ca30b97477f urmc-169973b677a1a13aeec39e84f4b2807a,491,2024-10-07 23:00:48.842,INTENT
08fd0ad8-b8bd-4c6d-a1bf-c381dbe24b4d,bdf16879-0fb7-4b83-93a8-118d05c38aeb,17,"{'key': 'CAREER', 'name': 'CANNED_RESPONSE_TRIGGERED', 'nluEngineVersion': '031d35f82e7967868701ab7a113d640337d5b1ef urmc-f6abf1135b374ee1def31fd3efc6e049', 'requestLatency': 2158}",670326bd55f202ce263dd19d,CAREER,CANNED_RESPONSE_TRIGGERED,031d35f82e7967868701ab7a113d640337d5b1ef urmc-f6abf1135b374ee1def31fd3efc6e049,2158,2024-10-07 03:09:32.995,INTENT
08fd0ad8-b8bd-4c6d-a1bf-c381dbe24b4d,e17c73f4-bf2d-4cd3-a981-8e917b25ad21,17,"{'name': 'INFORMATION_SEARCH', 'nluEngineVersion': 'f5a10b14fec038fdf643d891591f0686cac51771 urmc-169973b677a1a13aeec39e84f4b2807a', 'requestLatency': 492}",6704040ddd018676c740847b,,INFORMATION_SEARCH,f5a10b14fec038fdf643d891591f0686cac51771 urmc-169973b677a1a13aeec39e84f4b2807a,492,2024-10-07 18:53:49.805,INTENT
08fd0ad8-b8bd-4c6d-a1bf-c381dbe24b4d,6d724eee-c3eb-4f1d-848b-8c9a0489d237,55,"{'key': 'MY_CHART', 'name': 'CANNED_RESPONSE_TRIGGERED', 'nluEngineVersion': 'd19ace2641a995554c48700cbecb9ca30b97477f urmc-169973b677a1a13aeec39e84f4b2807a', 'requestLatency': 1305}",6704357b681a3e4d7a27eef9,MY_CHART,CANNED_RESPONSE_TRIGGERED,d19ace2641a995554c48700cbecb9ca30b97477f urmc-169973b677a1a13aeec39e84f4b2807a,1305,2024-10-07 22:24:43.473,INTENT
08fd0ad8-b8bd-4c6d-a1bf-c381dbe24b4d,7630923a-15e3-48e9-b0a5-9c933895f927,46,"{'name': 'INFORMATION_SEARCH', 'nluEngineVersion': '7d76806dacd9022f43205c499f77a1529744b90b urmc-169973b677a1a13aeec39e84f4b2807a', 'requestLatency': 2275}",6703df62dd018676c73e6290,,INFORMATION_SEARCH,7d76806dacd9022f43205c499f77a1529744b90b urmc-169973b677a1a13aeec39e84f4b2807a,2275,2024-10-07 16:17:22.053,INTENT
08fd0ad8-b8bd-4c6d-a1bf-c381dbe24b4d,4716e23e-d36d-4cff-8849-e6e7d05945f5,19,"{'key': 'CAREER', 'name': 'CANNED_RESPONSE_TRIGGERED', 'nluEngineVersion': '7d76806dacd9022f43205c499f77a1529744b90b urmc-169973b677a1a13aeec39e84f4b2807a', 'requestLatency': 4192}",6703e19b55f202ce2643a6af,CAREER,CANNED_RESPONSE_TRIGGERED,7d76806dacd9022f43205c499f77a1529744b90b urmc-169973b677a1a13aeec39e84f4b2807a,4192,2024-10-07 16:26:51.508,INTENT
08fd0ad8-b8bd-4c6d-a1bf-c381dbe24b4d,c81041d2-9b68-44a2-8587-639b150b13fd,39,"{'key': 'MY_CHART', 'name': 'CANNED_RESPONSE_TRIGGERED', 'nluEngineVersion': '7d76806dacd9022f43205c499f77a1529744b90b urmc-169973b677a1a13aeec39e84f4b2807a', 'requestLatency': 2078}",6703ea6bce37c37834cfa17b,MY_CHART,CANNED_RESPONSE_TRIGGERED,7d76806dacd9022f43205c499f77a1529744b90b urmc-169973b677a1a13aeec39e84f4b2807a,2078,2024-10-07 17:04:27.238,INTENT
08fd0ad8-b8bd-4c6d-a1bf-c381dbe24b4d,88a07a04-9318-4f4e-9a93-6d747b73c7ea,19,"{'name': 'INFORMATION_SEARCH', 'nluEngineVersion': 'd19ace2641a995554c48700cbecb9ca30b97477f urmc-169973b677a1a13aeec39e84f4b2807a', 'requestLatency': 1493}",67045d41dd018676c74526b1,,INFORMATION_SEARCH,d19ace2641a995554c48700cbecb9ca30b97477f urmc-169973b677a1a13aeec39e84f4b2807a,1493,2024-10-08 01:14:25.416,INTENT
08fd0ad8-b8bd-4c6d-a1bf-c381dbe24b4d,98c7ec65-7a0c-4a45-be3c-90ab1c0d7e46,165,"{'name': 'INFORMATION_SEARCH', 'nluEngineVersion': '65d388268f9c81a5fb065f9cf8445d04396053ce urmc-6a3114572dffb9b823623fc3281cb224', 'requestLatency': 2682}",66fe01c855f202ce260c3b88,,INFORMATION_SEARCH,65d388268f9c81a5fb065f9cf8445d04396053ce urmc-6a3114572dffb9b823623fc3281cb224,2682,2024-10-03 05:30:32.257,INTENT
08fd0ad8-b8bd-4c6d-a1bf-c381dbe24b4d,1abe8926-db6a-4814-ac9a-a3cbcd2887df,17,"{'name': 'INFORMATION_SEARCH', 'nluEngineVersion': '65d388268f9c81a5fb065f9cf8445d04396053ce urmc-6d31e9428cd30eafb7aedfca66870d2b', 'requestLatency': 1235}",66ff120a55f202ce2617557c,,INFORMATION_SEARCH,65d388268f9c81a5fb065f9cf8445d04396053ce urmc-6d31e9428cd30eafb7aedfca66870d2b,1235,2024-10-04 00:52:10.531,INTENT
08fd0ad8-b8bd-4c6d-a1bf-c381dbe24b4d,1abe8926-db6a-4814-ac9a-a3cbcd2887df,47,"{'name': 'INFORMATION_SEARCH', 'nluEngineVersion': '65d388268f9c81a5fb065f9cf8445d04396053ce urmc-6d31e9428cd30eafb7aedfca66870d2b', 'requestLatency': 1794}",66ff12ea55f202ce2617600c,,INFORMATION_SEARCH,65d388268f9c81a5fb065f9cf8445d04396053ce urmc-6d31e9428cd30eafb7aedfca66870d2b,1794,2024-10-04 00:55:54.197,INTENT
08fd0ad8-b8bd-4c6d-a1bf-c381dbe24b4d,17c742d0-d525-4f4d-a980-4555b7ada802,22,"{'key': 'MY_CHART', 'name': 'CANNED_RESPONSE_TRIGGERED', 'nluEngineVersion': '65d388268f9c81a5fb065f9cf8445d04396053ce urmc-6d31e9428cd30eafb7aedfca66870d2b', 'requestLatency': 2903}",66feef5955f202ce2615734a,MY_CHART,CANNED_RESPONSE_TRIGGERED,65d388268f9c81a5fb065f9cf8445d04396053ce urmc-6d31e9428cd30eafb7aedfca66870d2b,2903,2024-10-03 22:24:09.984,INTENT
08fd0ad8-b8bd-4c6d-a1bf-c381dbe24b4d,3c13aca3-0330-45c3-aa71-9a37a21f1214,15,"{'name': 'CORONAVIRUS_GENERAL', 'nluEngineVersion': '7c8aa7cf05639bb2edb7c225a6aa00c85537c812 urmc-7022bd2a03a123e9d74d07cfe3b3fffe', 'requestLatency': 1858}",6709c72114519701d60ffcc7,,CORONAVIRUS_GENERAL,7c8aa7cf05639bb2edb7c225a6aa00c85537c812 urmc-7022bd2a03a123e9d74d07cfe3b3fffe,1858,2024-10-12 03:47:29.670,INTENT
08fd0ad8-b8bd-4c6d-a1bf-c381dbe24b4d,2c2af241-1c50-470c-9982-6a0ed0031a0f,55,"{'name': 'INFORMATION_SEARCH', 'nluEngineVersion': '65d388268f9c81a5fb065f9cf8445d04396053ce urmc-f8af18fcbc10a021a6068c79edd3e93f', 'requestLatency': 1010}",66fd70fd56f35ba81d9cd9ed,,INFORMATION_SEARCH,65d388268f9c81a5fb065f9cf8445d04396053ce urmc-f8af18fcbc10a021a6068c79edd3e93f,1010,2024-10-02 19:12:45.563,INTENT
08fd0ad8-b8bd-4c6d-a1bf-c381dbe24b4d,49d17c22-770e-4925-a4ca-c48057afc0b0,22,"{'name': 'INFORMATION_SEARCH', 'nluEngineVersion': '65d388268f9c81a5fb065f9cf8445d04396053ce urmc-6a3114572dffb9b823623fc3281cb224', 'requestLatency': 3137}",66fdc4aace37c378348ed52f,,INFORMATION_SEARCH,65d388268f9c81a5fb065f9cf8445d04396053ce urmc-6a3114572dffb9b823623fc3281cb224,3137,2024-10-03 01:09:46.214,INTENT
08fd0ad8-b8bd-4c6d-a1bf-c381dbe24b4d,88570048-fa67-45fa-b5a7-4d0e1c001753,50,"{'name': 'INFORMATION_SEARCH', 'nluEngineVersion': '65d388268f9c81a5fb065f9cf8445d04396053ce urmc-6a3114572dffb9b823623fc3281cb224', 'requestLatency': 1760}",66fd97bc55f202ce260705db,,INFORMATION_SEARCH,65d388268f9c81a5fb065f9cf8445d04396053ce urmc-6a3114572dffb9b823623fc3281cb224,1760,2024-10-02 21:58:04.591,INTENT
08fd0ad8-b8bd-4c6d-a1bf-c381dbe24b4d,0e84d552-02c5-4573-a125-336b02d6e17e,56,"{'name': 'INFORMATION_SEARCH', 'nluEngineVersion': '0668b4298420020a85dadd5a28482c463c374e23 urmc-d7b76ab58052fc65932cbb27caa4ced2', 'requestLatency': 1384}",670e904bd0e5bccd6ce3f74c,,INFORMATION_SEARCH,0668b4298420020a85dadd5a28482c463c374e23 urmc-d7b76ab58052fc65932cbb27caa4ced2,1384,2024-10-15 18:54:51.179,INTENT
08fd0ad8-b8bd-4c6d-a1bf-c381dbe24b4d,78e326bc-b515-4194-aaa6-52beefd7a392,16,"{'key': 'MY_CHART', 'name': 'CANNED_RESPONSE_TRIGGERED', 'nluEngineVersion': '6ea939c99252fd8d2b84582660f85fe69c4a6877 urmc-d7b76ab58052fc65932cbb27caa4ced2', 'requestLatency': 1818}",670ec288c6d56ea441603aea,MY_CHART,CANNED_RESPONSE_TRIGGERED,6ea939c99252fd8d2b84582660f85fe69c4a6877 urmc-d7b76ab58052fc65932cbb27caa4ced2,1818,2024-10-15 22:29:12.049,INTENT
08fd0ad8-b8bd-4c6d-a1bf-c381dbe24b4d,a2294cc9-1e9a-4be9-9977-fd23d64f64e0,97,"{'name': 'CORONAVIRUS_GENERAL', 'nluEngineVersion': '0668b4298420020a85dadd5a28482c463c374e23 urmc-d7b76ab58052fc65932cbb27caa4ced2', 'requestLatency': 1247}",670e73d014519701d63ac952,,CORONAVIRUS_GENERAL,0668b4298420020a85dadd5a28482c463c374e23 urmc-d7b76ab58052fc65932cbb27caa4ced2,1247,2024-10-15 16:53:20.794,INTENT
08fd0ad8-b8bd-4c6d-a1bf-c381dbe24b4d,e480442e-ef97-4311-a4ca-56c943fb772b,21,"{'name': 'INFORMATION_SEARCH', 'nluEngineVersion': 'a6f109567b9d330e351f52437db72c06ebe694f2 urmc-f95578ec092932482f95a0d3fdaedaa8', 'requestLatency': 1897}",67054b020f278e6ab11359b8,,INFORMATION_SEARCH,a6f109567b9d330e351f52437db72c06ebe694f2 urmc-f95578ec092932482f95a0d3fdaedaa8,1897,2024-10-08 18:08:50.588,INTENT
08fd0ad8-b8bd-4c6d-a1bf-c381dbe24b4d,e480442e-ef97-4311-a4ca-56c943fb772b,48,"{'name': 'INFORMATION_SEARCH', 'nluEngineVersion': 'a6f109567b9d330e351f52437db72c06ebe694f2 urmc-f95578ec092932482f95a0d3fdaedaa8', 'requestLatency': 1330}",67054b330f278e6ab1135d0d,,INFORMATION_SEARCH,a6f109567b9d330e351f52437db72c06ebe694f2 urmc-f95578ec092932482f95a0d3fdaedaa8,1330,2024-10-08 18:09:39.260,INTENT
08fd0ad8-b8bd-4c6d-a1bf-c381dbe24b4d,7ef6a9ee-c4fa-4b55-98b3-dbef8f5e7ce5,76,"{'name': 'INFORMATION_SEARCH', 'nluEngineVersion': '557c83927e86c59e16a4e1bcb0d2d51ea24d8aac urmc-f95578ec092932482f95a0d3fdaedaa8', 'requestLatency': 1143}",67052ffb0f278e6ab11177ea,,INFORMATION_SEARCH,557c83927e86c59e16a4e1bcb0d2d51ea24d8aac urmc-f95578ec092932482f95a0d3fdaedaa8,1143,2024-10-08 16:13:31.357,INTENT
08fd0ad8-b8bd-4c6d-a1bf-c381dbe24b4d,6aa5e7bf-8470-4113-b281-31ee03ebcfeb,61,"{'name': 'INFORMATION_SEARCH', 'nluEngineVersion': 'a6f109567b9d330e351f52437db72c06ebe694f2 urmc-f95578ec092932482f95a0d3fdaedaa8', 'requestLatency': 159}",670558140f278e6ab1142ef4,,INFORMATION_SEARCH,a6f109567b9d330e351f52437db72c06ebe694f2 urmc-f95578ec092932482f95a0d3fdaedaa8,159,2024-10-08 19:04:36.927,INTENT
08fd0ad8-b8bd-4c6d-a1bf-c381dbe24b4d,aa493809-a15c-4b57-b31f-f0a04f91e7ed,56,"{'name': 'INFORMATION_SEARCH', 'nluEngineVersion': '557c83927e86c59e16a4e1bcb0d2d51ea24d8aac urmc-f95578ec092932482f95a0d3fdaedaa8', 'requestLatency': 4004}",67052c754f3c05168c74c271,,INFORMATION_SEARCH,557c83927e86c59e16a4e1bcb0d2d51ea24d8aac urmc-f95578ec092932482f95a0d3fdaedaa8,4004,2024-10-08 15:58:29.693,INTENT
08fd0ad8-b8bd-4c6d-a1bf-c381dbe24b4d,a322c6fa-dc7e-46c4-bf75-29450e52b786,32,"{'name': 'INFORMATION_SEARCH', 'nluEngineVersion': 'a6f109567b9d330e351f52437db72c06ebe694f2 urmc-f95578ec092932482f95a0d3fdaedaa8', 'requestLatency': 1384}",67057e554f3c05168c7a0a5b,,INFORMATION_SEARCH,a6f109567b9d330e351f52437db72c06ebe694f2 urmc-f95578ec092932482f95a0d3fdaedaa8,1384,2024-10-08 21:47:49.750,INTENT
08fd0ad8-b8bd-4c6d-a1bf-c381dbe24b4d,ccb102cf-7369-4d88-b462-f87abef6e3e6,56,"{'key': 'MY_CHART', 'name': 'CANNED_RESPONSE_TRIGGERED', 'nluEngineVersion': '37f0d5f787c1867c00e7132b3df2ebd1b77d4425 urmc-f95578ec092932482f95a0d3fdaedaa8', 'requestLatency': 1196}",6705172d0f278e6ab1101af9,MY_CHART,CANNED_RESPONSE_TRIGGERED,37f0d5f787c1867c00e7132b3df2ebd1b77d4425 urmc-f95578ec092932482f95a0d3fdaedaa8,1196,2024-10-08 14:27:41.854,INTENT
08fd0ad8-b8bd-4c6d-a1bf-c381dbe24b4d,f0b11461-0379-46da-9dad-b68f5dab75f6,66,"{'name': 'INFORMATION_SEARCH', 'nluEngineVersion': 'a6f109567b9d330e351f52437db72c06ebe694f2 urmc-f95578ec092932482f95a0d3fdaedaa8', 'requestLatency': 149}",6705be5b0f278e6ab119c5bc,,INFORMATION_SEARCH,a6f109567b9d330e351f52437db72c06ebe694f2 urmc-f95578ec092932482f95a0d3fdaedaa8,149,2024-10-09 02:20:59.590,INTENT
08fd0ad8-b8bd-4c6d-a1bf-c381dbe24b4d,8c00bcc1-aa1e-4b58-8ab4-59cbca8c9ce5,16,"{'name': 'INFORMATION_SEARCH', 'nluEngineVersion': '65d388268f9c81a5fb065f9cf8445d04396053ce urmc-dae7856d287399b0f2ee2498371c2aff', 'requestLatency': 1347}",67017e2b55f202ce262f67d0,,INFORMATION_SEARCH,65d388268f9c81a5fb065f9cf8445d04396053ce urmc-dae7856d287399b0f2ee2498371c2aff,1347,2024-10-05 20:58:03.367,INTENT
08fd0ad8-b8bd-4c6d-a1bf-c381dbe24b4d,2c5bb5e4-5b60-40e9-8ca5-43919a1808da,19,"{'key': 'CAREER', 'name': 'CANNED_RESPONSE_TRIGGERED', 'nluEngineVersion': '65d388268f9c81a5fb065f9cf8445d04396053ce urmc-480f4182e6c89e0232888471a5937803', 'requestLatency': 2420}",6700d38755f202ce262a3937,CAREER,CANNED_RESPONSE_TRIGGERED,65d388268f9c81a5fb065f9cf8445d04396053ce urmc-480f4182e6c89e0232888471a5937803,2420,2024-10-05 08:49:59.177,INTENT
08fd0ad8-b8bd-4c6d-a1bf-c381dbe24b4d,9067201e-f8d9-4dc7-af6b-560751ee9ceb,48,"{'name': 'INFORMATION_SEARCH', 'nluEngineVersion': 'e04547ebabc1ce823670359ac9eb2f882eac7a1c urmc-0bbf8416e2dffb4d5af60416f6e94ed5', 'requestLatency': 2165}",6706c82b9a99212463d0f900,,INFORMATION_SEARCH,e04547ebabc1ce823670359ac9eb2f882eac7a1c urmc-0bbf8416e2dffb4d5af60416f6e94ed5,2165,2024-10-09 21:15:07.114,INTENT
08fd0ad8-b8bd-4c6d-a1bf-c381dbe24b4d,0ee05d83-be09-4c88-88e4-44ba244da56c,23,"{'name': 'INFORMATION_SEARCH', 'nluEngineVersion': '9fa39a7450e451c50af6cd065449a16961ff1eff urmc-0bbf8416e2dffb4d5af60416f6e94ed5', 'requestLatency': 1133}",6706a03f9a99212463ce7cf0,,INFORMATION_SEARCH,9fa39a7450e451c50af6cd065449a16961ff1eff urmc-0bbf8416e2dffb4d5af60416f6e94ed5,1133,2024-10-09 18:24:47.546,INTENT
08fd0ad8-b8bd-4c6d-a1bf-c381dbe24b4d,18495a22-c1b4-41aa-8ea2-dee2719ee893,22,"{'name': 'INFORMATION_SEARCH', 'nluEngineVersion': 'e04547ebabc1ce823670359ac9eb2f882eac7a1c urmc-0bbf8416e2dffb4d5af60416f6e94ed5', 'requestLatency': 2838}",6706b2869a99212463cf9c93,,INFORMATION_SEARCH,e04547ebabc1ce823670359ac9eb2f882eac7a1c urmc-0bbf8416e2dffb4d5af60416f6e94ed5,2838,2024-10-09 19:42:46.540,INTENT
08fd0ad8-b8bd-4c6d-a1bf-c381dbe24b4d,3e7d69e6-9d5f-4dc0-bcc9-aec8976e2585,29,"{'name': 'INFORMATION_SEARCH', 'nluEngineVersion': 'e1540ef6ef90a451708d44b77b7f914b18c92060 urmc-5acc02dcce4ca96fa36dc5578ebacdc1', 'requestLatency': 865}",6708292814519701d6fdff69,,INFORMATION_SEARCH,e1540ef6ef90a451708d44b77b7f914b18c92060 urmc-5acc02dcce4ca96fa36dc5578ebacdc1,865,2024-10-10 22:21:12.623,INTENT
08fd0ad8-b8bd-4c6d-a1bf-c381dbe24b4d,b42e3302-9c4b-4952-900d-8560553a8c00,30,"{'key': 'CAREER', 'name': 'CANNED_RESPONSE_TRIGGERED', 'nluEngineVersion': '686409c9455ddf31a54123e15d75d36a74e50871 urmc-89d910f65fcc8f771e58593cb7e0ce9d', 'requestLatency': 1469}",670dc264881e9aad8cea0a39,CAREER,CANNED_RESPONSE_TRIGGERED,686409c9455ddf31a54123e15d75d36a74e50871 urmc-89d910f65fcc8f771e58593cb7e0ce9d,1469,2024-10-15 04:16:20.409,INTENT
08fd0ad8-b8bd-4c6d-a1bf-c381dbe24b4d,d889a452-6cc3-4f32-bc5a-751b4753adef,23,"{'key': 'MY_CHART', 'name': 'CANNED_RESPONSE_TRIGGERED', 'nluEngineVersion': '686409c9455ddf31a54123e15d75d36a74e50871 urmc-89d910f65fcc8f771e58593cb7e0ce9d', 'requestLatency': 1375}",670db32014519701d6342673,MY_CHART,CANNED_RESPONSE_TRIGGERED,686409c9455ddf31a54123e15d75d36a74e50871 urmc-89d910f65fcc8f771e58593cb7e0ce9d,1375,2024-10-15 03:11:12.050,INTENT
08fd0ad8-b8bd-4c6d-a1bf-c381dbe24b4d,93868283-69ed-4c4b-86b1-27c3d44c7ebb,36,"{'key': 'CAREER', 'name': 'CANNED_RESPONSE_TRIGGERED', 'nluEngineVersion': '686409c9455ddf31a54123e15d75d36a74e50871 urmc-89d910f65fcc8f771e58593cb7e0ce9d', 'requestLatency': 1448}",670dc47c14519701d634ddd9,CAREER,CANNED_RESPONSE_TRIGGERED,686409c9455ddf31a54123e15d75d36a74e50871 urmc-89d910f65fcc8f771e58593cb7e0ce9d,1448,2024-10-15 04:25:16.730,INTENT
08fd0ad8-b8bd-4c6d-a1bf-c381dbe24b4d,bf2a4950-aaba-4a33-b65e-b856e9c1c98f,20,"{'name': 'INFORMATION_SEARCH', 'nluEngineVersion': '65d388268f9c81a5fb065f9cf8445d04396053ce urmc-6d31e9428cd30eafb7aedfca66870d2b', 'requestLatency': 1973}",66ffd85155f202ce261df0c1,,INFORMATION_SEARCH,65d388268f9c81a5fb065f9cf8445d04396053ce urmc-6d31e9428cd30eafb7aedfca66870d2b,1973,2024-10-04 14:58:09.154,INTENT
08fd0ad8-b8bd-4c6d-a1bf-c381dbe24b4d,bf2a4950-aaba-4a33-b65e-b856e9c1c98f,36,"{'name': 'INFORMATION_SEARCH', 'nluEngineVersion': '65d388268f9c81a5fb065f9cf8445d04396053ce urmc-6d31e9428cd30eafb7aedfca66870d2b', 'requestLatency': 1161}",66ffd87255f202ce261df262,,INFORMATION_SEARCH,65d388268f9c81a5fb065f9cf8445d04396053ce urmc-6d31e9428cd30eafb7aedfca66870d2b,1161,2024-10-04 14:58:42.291,INTENT
08fd0ad8-b8bd-4c6d-a1bf-c381dbe24b4d,30a79051-e3cf-49c0-8648-50d01f62a328,23,"{'key': 'CAREER', 'name': 'CANNED_RESPONSE_TRIGGERED', 'nluEngineVersion': '65d388268f9c81a5fb065f9cf8445d04396053ce urmc-6d31e9428cd30eafb7aedfca66870d2b', 'requestLatency': 2789}",66ff39d0ce37c37834a0dee3,CAREER,CANNED_RESPONSE_TRIGGERED,65d388268f9c81a5fb065f9cf8445d04396053ce urmc-6d31e9428cd30eafb7aedfca66870d2b,2789,2024-10-04 03:41:52.089,INTENT
08fd0ad8-b8bd-4c6d-a1bf-c381dbe24b4d,de699a07-be4a-488a-90fd-7a86e7b313fc,21,"{'name': 'INFORMATION_SEARCH', 'nluEngineVersion': '65d388268f9c81a5fb065f9cf8445d04396053ce urmc-480f4182e6c89e0232888471a5937803', 'requestLatency': 3695}",67000186da6a1c1483209fe3,,INFORMATION_SEARCH,65d388268f9c81a5fb065f9cf8445d04396053ce urmc-480f4182e6c89e0232888471a5937803,3695,2024-10-04 17:53:58.021,INTENT
08fd0ad8-b8bd-4c6d-a1bf-c381dbe24b4d,fa52458d-de91-4158-968f-0d58a66732fd,21,"{'key': 'MY_CHART', 'name': 'CANNED_RESPONSE_TRIGGERED', 'nluEngineVersion': '65d388268f9c81a5fb065f9cf8445d04396053ce urmc-480f4182e6c89e0232888471a5937803', 'requestLatency': 1295}",67000afeda6a1c1483214ee5,MY_CHART,CANNED_RESPONSE_TRIGGERED,65d388268f9c81a5fb065f9cf8445d04396053ce urmc-480f4182e6c89e0232888471a5937803,1295,2024-10-04 18:34:22.276,INTENT
