CONVERSATION_ID,ASSISTANT_ID,EVENT_POSITION,eventData,eventId,timestamp,typeOfEvent,nluEngineVersion,request,requestLatency,response
5d0c9f7d-f96e-45ad-a0e7-06975ff5965a,08fd0ad8-b8bd-4c6d-a1bf-c381dbe24b4d,68,"{'nluEngineVersion': 'e04547ebabc1ce823670359ac9eb2f882eac7a1c urmc-0bbf8416e2dffb4d5af60416f6e94ed5', 'request': {'bot_key': 'urmc', 'data': {'default_queue_id': None, 'queue_name': 'Urology'}, 'integration_id': 'e4dd9ed6-76e8-4106-bfb7-14355133ed66', 'method': 'ARE_LIVECHAT_AGENTS_ONLINE'}, 'requestLatency': 954, 'response': {'areAgentsOnline': True, 'is_success': True}}",6706de3514519701d6f08a9e,2024-10-09 22:49:09.298,INTEGRATION_REQUEST_RESULT,e04547ebabc1ce823670359ac9eb2f882eac7a1c urmc-0bbf8416e2dffb4d5af60416f6e94ed5,"{'bot_key': 'urmc', 'data': {'default_queue_id': None, 'queue_name': 'Urology'}, 'integration_id': 'e4dd9ed6-76e8-4106-bfb7-14355133ed66', 'method': 'ARE_LIVECHAT_AGENTS_ONLINE'}",954,"{'areAgentsOnline': True, 'is_success': True}"
7cdfb076-b0d3-43e7-89ef-1313104f1bdb,08fd0ad8-b8bd-4c6d-a1bf-c381dbe24b4d,58,"{'nluEngineVersion': '9fa39a7450e451c50af6cd065449a16961ff1eff urmc-0bbf8416e2dffb4d5af60416f6e94ed5', 'request': {'bot_key': 'urmc', 'data': {'default_queue_id': None, 'queue_name': 'Urology'}, 'integration_id': 'e4dd9ed6-76e8-4106-bfb7-14355133ed66', 'method': 'ARE_LIVECHAT_AGENTS_ONLINE'}, 'requestLatency': 652, 'response': {'areAgentsOnline': True, 'is_success': True}}",67067d5e7673c82f4272c9ab,2024-10-09 15:55:58.297,INTEGRATION_REQUEST_RESULT,9fa39a7450e451c50af6cd065449a16961ff1eff urmc-0bbf8416e2dffb4d5af60416f6e94ed5,"{'bot_key': 'urmc', 'data': {'default_queue_id': None, 'queue_name': 'Urology'}, 'integration_id': 'e4dd9ed6-76e8-4106-bfb7-14355133ed66', 'method': 'ARE_LIVECHAT_AGENTS_ONLINE'}",652,"{'areAgentsOnline': True, 'is_success': True}"
b4774e52-b5c9-4153-961e-0639d7a88142,08fd0ad8-b8bd-4c6d-a1bf-c381dbe24b4d,72,"{'nluEngineVersion': '9fa39a7450e451c50af6cd065449a16961ff1eff urmc-0bbf8416e2dffb4d5af60416f6e94ed5', 'request': {'bot_key': 'urmc', 'data': {'default_queue_id': None, 'queue_name': 'Air'}, 'integration_id': 'e4dd9ed6-76e8-4106-bfb7-14355133ed66', 'method': 'ARE_LIVECHAT_AGENTS_ONLINE'}, 'requestLatency': 801, 'response': {'areAgentsOnline': True, 'is_success': True}}",67067cc114519701d6ea96d6,2024-10-09 15:53:21.639,INTEGRATION_REQUEST_RESULT,9fa39a7450e451c50af6cd065449a16961ff1eff urmc-0bbf8416e2dffb4d5af60416f6e94ed5,"{'bot_key': 'urmc', 'data': {'default_queue_id': None, 'queue_name': 'Air'}, 'integration_id': 'e4dd9ed6-76e8-4106-bfb7-14355133ed66', 'method': 'ARE_LIVECHAT_AGENTS_ONLINE'}",801,"{'areAgentsOnline': True, 'is_success': True}"
b4774e52-b5c9-4153-961e-0639d7a88142,08fd0ad8-b8bd-4c6d-a1bf-c381dbe24b4d,362,"{'nluEngineVersion': '9fa39a7450e451c50af6cd065449a16961ff1eff urmc-0bbf8416e2dffb4d5af60416f6e94ed5', 'request': {'bot_key': 'urmc', 'data': {'default_queue_id': None, 'queue_name': 'Air'}, 'integration_id': 'e4dd9ed6-76e8-4106-bfb7-14355133ed66', 'method': 'ARE_LIVECHAT_AGENTS_ONLINE'}, 'requestLatency': 534, 'response': {'areAgentsOnline': True, 'is_success': True}}",670683b314519701d6eafa32,2024-10-09 16:22:59.711,INTEGRATION_REQUEST_RESULT,9fa39a7450e451c50af6cd065449a16961ff1eff urmc-0bbf8416e2dffb4d5af60416f6e94ed5,"{'bot_key': 'urmc', 'data': {'default_queue_id': None, 'queue_name': 'Air'}, 'integration_id': 'e4dd9ed6-76e8-4106-bfb7-14355133ed66', 'method': 'ARE_LIVECHAT_AGENTS_ONLINE'}",534,"{'areAgentsOnline': True, 'is_success': True}"
b4774e52-b5c9-4153-961e-0639d7a88142,08fd0ad8-b8bd-4c6d-a1bf-c381dbe24b4d,367,"{'nluEngineVersion': '9fa39a7450e451c50af6cd065449a16961ff1eff urmc-0bbf8416e2dffb4d5af60416f6e94ed5', 'request': {'bot_key': 'urmc', 'data': {'default_queue_id': None, 'queue_name': 'Air'}, 'integration_id': 'e4dd9ed6-76e8-4106-bfb7-14355133ed66', 'method': 'ARE_LIVECHAT_AGENTS_ONLINE'}, 'requestLatency': 686, 'response': {'areAgentsOnline': True, 'is_success': True}}",670683b314519701d6eafa37,2024-10-09 16:22:59.863,INTEGRATION_REQUEST_RESULT,9fa39a7450e451c50af6cd065449a16961ff1eff urmc-0bbf8416e2dffb4d5af60416f6e94ed5,"{'bot_key': 'urmc', 'data': {'default_queue_id': None, 'queue_name': 'Air'}, 'integration_id': 'e4dd9ed6-76e8-4106-bfb7-14355133ed66', 'method': 'ARE_LIVECHAT_AGENTS_ONLINE'}",686,"{'areAgentsOnline': True, 'is_success': True}"
b4774e52-b5c9-4153-961e-0639d7a88142,08fd0ad8-b8bd-4c6d-a1bf-c381dbe24b4d,402,"{'nluEngineVersion': '9fa39a7450e451c50af6cd065449a16961ff1eff urmc-0bbf8416e2dffb4d5af60416f6e94ed5', 'request': {'bot_key': 'urmc', 'data': {'default_queue_id': None, 'queue_name': 'Air'}, 'integration_id': 'e4dd9ed6-76e8-4106-bfb7-14355133ed66', 'method': 'ARE_LIVECHAT_AGENTS_ONLINE'}, 'requestLatency': 2432, 'response': {'areAgentsOnline': False, 'is_success': True}}",670683b514519701d6eafa74,2024-10-09 16:23:01.608,INTEGRATION_REQUEST_RESULT,9fa39a7450e451c50af6cd065449a16961ff1eff urmc-0bbf8416e2dffb4d5af60416f6e94ed5,"{'bot_key': 'urmc', 'data': {'default_queue_id': None, 'queue_name': 'Air'}, 'integration_id': 'e4dd9ed6-76e8-4106-bfb7-14355133ed66', 'method': 'ARE_LIVECHAT_AGENTS_ONLINE'}",2432,"{'areAgentsOnline': False, 'is_success': True}"
b4774e52-b5c9-4153-961e-0639d7a88142,08fd0ad8-b8bd-4c6d-a1bf-c381dbe24b4d,441,"{'nluEngineVersion': '9fa39a7450e451c50af6cd065449a16961ff1eff urmc-0bbf8416e2dffb4d5af60416f6e94ed5', 'request': {'bot_key': 'urmc', 'data': {'default_queue_id': None, 'queue_name': 'Air'}, 'integration_id': 'e4dd9ed6-76e8-4106-bfb7-14355133ed66', 'method': 'ARE_LIVECHAT_AGENTS_ONLINE'}, 'requestLatency': 60, 'response': {'areAgentsOnline': True, 'is_success': True}}",670683bc14519701d6eafb14,2024-10-09 16:23:08.746,INTEGRATION_REQUEST_RESULT,9fa39a7450e451c50af6cd065449a16961ff1eff urmc-0bbf8416e2dffb4d5af60416f6e94ed5,"{'bot_key': 'urmc', 'data': {'default_queue_id': None, 'queue_name': 'Air'}, 'integration_id': 'e4dd9ed6-76e8-4106-bfb7-14355133ed66', 'method': 'ARE_LIVECHAT_AGENTS_ONLINE'}",60,"{'areAgentsOnline': True, 'is_success': True}"
b4774e52-b5c9-4153-961e-0639d7a88142,08fd0ad8-b8bd-4c6d-a1bf-c381dbe24b4d,458,"{'nluEngineVersion': '9fa39a7450e451c50af6cd065449a16961ff1eff urmc-0bbf8416e2dffb4d5af60416f6e94ed5', 'request': {'bot_key': 'urmc', 'data': {'default_queue_id': None, 'queue_name': 'Air'}, 'integration_id': 'e4dd9ed6-76e8-4106-bfb7-14355133ed66', 'method': 'ARE_LIVECHAT_AGENTS_ONLINE'}, 'requestLatency': 136, 'response': {'areAgentsOnline': False, 'is_success': True}}",670683bc14519701d6eafb26,2024-10-09 16:23:08.825,INTEGRATION_REQUEST_RESULT,9fa39a7450e451c50af6cd065449a16961ff1eff urmc-0bbf8416e2dffb4d5af60416f6e94ed5,"{'bot_key': 'urmc', 'data': {'default_queue_id': None, 'queue_name': 'Air'}, 'integration_id': 'e4dd9ed6-76e8-4106-bfb7-14355133ed66', 'method': 'ARE_LIVECHAT_AGENTS_ONLINE'}",136,"{'areAgentsOnline': False, 'is_success': True}"
b4774e52-b5c9-4153-961e-0639d7a88142,08fd0ad8-b8bd-4c6d-a1bf-c381dbe24b4d,461,"{'nluEngineVersion': '9fa39a7450e451c50af6cd065449a16961ff1eff urmc-0bbf8416e2dffb4d5af60416f6e94ed5', 'request': {'bot_key': 'urmc', 'data': {'default_queue_id': None, 'queue_name': 'Air'}, 'integration_id': 'e4dd9ed6-76e8-4106-bfb7-14355133ed66', 'method': 'ARE_LIVECHAT_AGENTS_ONLINE'}, 'requestLatency': 142, 'response': {'areAgentsOnline': False, 'is_success': True}}",670683bd14519701d6eafb28,2024-10-09 16:23:08.828,INTEGRATION_REQUEST_RESULT,9fa39a7450e451c50af6cd065449a16961ff1eff urmc-0bbf8416e2dffb4d5af60416f6e94ed5,"{'bot_key': 'urmc', 'data': {'default_queue_id': None, 'queue_name': 'Air'}, 'integration_id': 'e4dd9ed6-76e8-4106-bfb7-14355133ed66', 'method': 'ARE_LIVECHAT_AGENTS_ONLINE'}",142,"{'areAgentsOnline': False, 'is_success': True}"
fdb7d2b9-cd17-424e-801d-f0ec562fc792,08fd0ad8-b8bd-4c6d-a1bf-c381dbe24b4d,44,"{'nluEngineVersion': 'e04547ebabc1ce823670359ac9eb2f882eac7a1c urmc-0bbf8416e2dffb4d5af60416f6e94ed5', 'request': {'bot_key': 'urmc', 'data': {'default_queue_id': None, 'queue_name': 'Urology'}, 'integration_id': 'e4dd9ed6-76e8-4106-bfb7-14355133ed66', 'method': 'ARE_LIVECHAT_AGENTS_ONLINE'}, 'requestLatency': 1053, 'response': {'areAgentsOnline': True, 'is_success': True}}",6706b729f480fd5383ab2e68,2024-10-09 20:02:33.842,INTEGRATION_REQUEST_RESULT,e04547ebabc1ce823670359ac9eb2f882eac7a1c urmc-0bbf8416e2dffb4d5af60416f6e94ed5,"{'bot_key': 'urmc', 'data': {'default_queue_id': None, 'queue_name': 'Urology'}, 'integration_id': 'e4dd9ed6-76e8-4106-bfb7-14355133ed66', 'method': 'ARE_LIVECHAT_AGENTS_ONLINE'}",1053,"{'areAgentsOnline': True, 'is_success': True}"
85620fb5-605b-4788-a1ef-d518156d0ec4,08fd0ad8-b8bd-4c6d-a1bf-c381dbe24b4d,37,"{'nluEngineVersion': '9fa39a7450e451c50af6cd065449a16961ff1eff urmc-0bbf8416e2dffb4d5af60416f6e94ed5', 'request': {'bot_key': 'urmc', 'data': {'default_queue_id': None, 'queue_name': 'Urology'}, 'integration_id': 'e4dd9ed6-76e8-4106-bfb7-14355133ed66', 'method': 'ARE_LIVECHAT_AGENTS_ONLINE'}, 'requestLatency': 840, 'response': {'areAgentsOnline': True, 'is_success': True}}",670691479a99212463cd5e9b,2024-10-09 17:20:55.802,INTEGRATION_REQUEST_RESULT,9fa39a7450e451c50af6cd065449a16961ff1eff urmc-0bbf8416e2dffb4d5af60416f6e94ed5,"{'bot_key': 'urmc', 'data': {'default_queue_id': None, 'queue_name': 'Urology'}, 'integration_id': 'e4dd9ed6-76e8-4106-bfb7-14355133ed66', 'method': 'ARE_LIVECHAT_AGENTS_ONLINE'}",840,"{'areAgentsOnline': True, 'is_success': True}"
456219e6-98ae-42ec-9294-06576c993535,08fd0ad8-b8bd-4c6d-a1bf-c381dbe24b4d,48,"{'nluEngineVersion': 'e04547ebabc1ce823670359ac9eb2f882eac7a1c urmc-0bbf8416e2dffb4d5af60416f6e94ed5', 'request': {'bot_key': 'urmc', 'data': {'default_queue_id': None, 'queue_name': 'Urology'}, 'integration_id': 'e4dd9ed6-76e8-4106-bfb7-14355133ed66', 'method': 'ARE_LIVECHAT_AGENTS_ONLINE'}, 'requestLatency': 544, 'response': {'areAgentsOnline': True, 'is_success': True}}",6706c4907673c82f42773aaa,2024-10-09 20:59:44.514,INTEGRATION_REQUEST_RESULT,e04547ebabc1ce823670359ac9eb2f882eac7a1c urmc-0bbf8416e2dffb4d5af60416f6e94ed5,"{'bot_key': 'urmc', 'data': {'default_queue_id': None, 'queue_name': 'Urology'}, 'integration_id': 'e4dd9ed6-76e8-4106-bfb7-14355133ed66', 'method': 'ARE_LIVECHAT_AGENTS_ONLINE'}",544,"{'areAgentsOnline': True, 'is_success': True}"
0dfce152-cf44-4df1-8574-450a64972014,08fd0ad8-b8bd-4c6d-a1bf-c381dbe24b4d,37,"{'nluEngineVersion': '65d388268f9c81a5fb065f9cf8445d04396053ce urmc-480f4182e6c89e0232888471a5937803', 'request': {'bot_key': 'urmc', 'data': {'default_queue_id': None, 'queue_name': 'Urology'}, 'integration_id': 'e4dd9ed6-76e8-4106-bfb7-14355133ed66', 'method': 'ARE_LIVECHAT_AGENTS_ONLINE'}, 'requestLatency': 493, 'response': {'areAgentsOnline': True, 'is_success': True}}",6700120755f202ce262192f2,2024-10-04 19:04:23.482,INTEGRATION_REQUEST_RESULT,65d388268f9c81a5fb065f9cf8445d04396053ce urmc-480f4182e6c89e0232888471a5937803,"{'bot_key': 'urmc', 'data': {'default_queue_id': None, 'queue_name': 'Urology'}, 'integration_id': 'e4dd9ed6-76e8-4106-bfb7-14355133ed66', 'method': 'ARE_LIVECHAT_AGENTS_ONLINE'}",493,"{'areAgentsOnline': True, 'is_success': True}"
47db429f-a6dd-43c9-b15f-fd6152d7980a,08fd0ad8-b8bd-4c6d-a1bf-c381dbe24b4d,48,"{'nluEngineVersion': '65d388268f9c81a5fb065f9cf8445d04396053ce urmc-480f4182e6c89e0232888471a5937803', 'request': {'bot_key': 'urmc', 'data': {'default_queue_id': None, 'queue_name': 'Urology'}, 'integration_id': 'e4dd9ed6-76e8-4106-bfb7-14355133ed66', 'method': 'ARE_LIVECHAT_AGENTS_ONLINE'}, 'requestLatency': 747, 'response': {'areAgentsOnline': True, 'is_success': True}}",67003417da6a1c1483238282,2024-10-04 21:29:43.148,INTEGRATION_REQUEST_RESULT,65d388268f9c81a5fb065f9cf8445d04396053ce urmc-480f4182e6c89e0232888471a5937803,"{'bot_key': 'urmc', 'data': {'default_queue_id': None, 'queue_name': 'Urology'}, 'integration_id': 'e4dd9ed6-76e8-4106-bfb7-14355133ed66', 'method': 'ARE_LIVECHAT_AGENTS_ONLINE'}",747,"{'areAgentsOnline': True, 'is_success': True}"
85fc1a40-5a42-44de-b182-79a4f17a2ee5,08fd0ad8-b8bd-4c6d-a1bf-c381dbe24b4d,30,"{'nluEngineVersion': '65d388268f9c81a5fb065f9cf8445d04396053ce urmc-6a3114572dffb9b823623fc3281cb224', 'request': {'bot_key': 'urmc', 'data': {'default_queue_id': None, 'queue_name': 'Urology'}, 'integration_id': 'e4dd9ed6-76e8-4106-bfb7-14355133ed66', 'method': 'ARE_LIVECHAT_AGENTS_ONLINE'}, 'requestLatency': 538, 'response': {'areAgentsOnline': True, 'is_success': True}}",66fd9fa24a29b75ae49b0b86,2024-10-02 22:31:46.528,INTEGRATION_REQUEST_RESULT,65d388268f9c81a5fb065f9cf8445d04396053ce urmc-6a3114572dffb9b823623fc3281cb224,"{'bot_key': 'urmc', 'data': {'default_queue_id': None, 'queue_name': 'Urology'}, 'integration_id': 'e4dd9ed6-76e8-4106-bfb7-14355133ed66', 'method': 'ARE_LIVECHAT_AGENTS_ONLINE'}",538,"{'areAgentsOnline': True, 'is_success': True}"
618887fa-46c0-4f2c-930e-9e236f40a7a3,08fd0ad8-b8bd-4c6d-a1bf-c381dbe24b4d,30,"{'nluEngineVersion': '65d388268f9c81a5fb065f9cf8445d04396053ce urmc-480f4182e6c89e0232888471a5937803', 'request': {'bot_key': 'urmc', 'data': {'default_queue_id': None, 'queue_name': 'Urology'}, 'integration_id': 'e4dd9ed6-76e8-4106-bfb7-14355133ed66', 'method': 'ARE_LIVECHAT_AGENTS_ONLINE'}, 'requestLatency': 623, 'response': {'areAgentsOnline': True, 'is_success': True}}",67000439da6a1c148320d38c,2024-10-04 18:05:29.341,INTEGRATION_REQUEST_RESULT,65d388268f9c81a5fb065f9cf8445d04396053ce urmc-480f4182e6c89e0232888471a5937803,"{'bot_key': 'urmc', 'data': {'default_queue_id': None, 'queue_name': 'Urology'}, 'integration_id': 'e4dd9ed6-76e8-4106-bfb7-14355133ed66', 'method': 'ARE_LIVECHAT_AGENTS_ONLINE'}",623,"{'areAgentsOnline': True, 'is_success': True}"
5fb8d3c9-2e83-47b8-8e83-197f43011b23,08fd0ad8-b8bd-4c6d-a1bf-c381dbe24b4d,65,"{'nluEngineVersion': '65d388268f9c81a5fb065f9cf8445d04396053ce urmc-480f4182e6c89e0232888471a5937803', 'request': {'bot_key': 'urmc', 'data': {'default_queue_id': None, 'queue_name': 'Air'}, 'integration_id': 'e4dd9ed6-76e8-4106-bfb7-14355133ed66', 'method': 'ARE_LIVECHAT_AGENTS_ONLINE'}, 'requestLatency': 639, 'response': {'areAgentsOnline': True, 'is_success': True}}",67001548fd4c301deb1b5782,2024-10-04 19:18:16.614,INTEGRATION_REQUEST_RESULT,65d388268f9c81a5fb065f9cf8445d04396053ce urmc-480f4182e6c89e0232888471a5937803,"{'bot_key': 'urmc', 'data': {'default_queue_id': None, 'queue_name': 'Air'}, 'integration_id': 'e4dd9ed6-76e8-4106-bfb7-14355133ed66', 'method': 'ARE_LIVECHAT_AGENTS_ONLINE'}",639,"{'areAgentsOnline': True, 'is_success': True}"
4bcc1275-cfd7-4f94-ae3e-5b91a50350c2,08fd0ad8-b8bd-4c6d-a1bf-c381dbe24b4d,33,"{'nluEngineVersion': '65d388268f9c81a5fb065f9cf8445d04396053ce urmc-6a3114572dffb9b823623fc3281cb224', 'request': {'bot_key': 'urmc', 'data': {'default_queue_id': None, 'queue_name': 'Urology'}, 'integration_id': 'e4dd9ed6-76e8-4106-bfb7-14355133ed66', 'method': 'ARE_LIVECHAT_AGENTS_ONLINE'}, 'requestLatency': 1304, 'response': {'areAgentsOnline': True, 'is_success': True}}",66fd90e155f202ce2606b6df,2024-10-02 21:28:49.137,INTEGRATION_REQUEST_RESULT,65d388268f9c81a5fb065f9cf8445d04396053ce urmc-6a3114572dffb9b823623fc3281cb224,"{'bot_key': 'urmc', 'data': {'default_queue_id': None, 'queue_name': 'Urology'}, 'integration_id': 'e4dd9ed6-76e8-4106-bfb7-14355133ed66', 'method': 'ARE_LIVECHAT_AGENTS_ONLINE'}",1304,"{'areAgentsOnline': True, 'is_success': True}"
8901081c-446c-440f-897f-93929f9e4813,08fd0ad8-b8bd-4c6d-a1bf-c381dbe24b4d,77,"{'nluEngineVersion': '65d388268f9c81a5fb065f9cf8445d04396053ce urmc-6a3114572dffb9b823623fc3281cb224', 'request': {'bot_key': 'urmc', 'data': {'default_queue_id': None, 'queue_name': 'Urology'}, 'integration_id': 'e4dd9ed6-76e8-4106-bfb7-14355133ed66', 'method': 'ARE_LIVECHAT_AGENTS_ONLINE'}, 'requestLatency': 707, 'response': {'areAgentsOnline': True, 'is_success': True}}",66fd9d894a29b75ae49aef0a,2024-10-02 22:22:49.965,INTEGRATION_REQUEST_RESULT,65d388268f9c81a5fb065f9cf8445d04396053ce urmc-6a3114572dffb9b823623fc3281cb224,"{'bot_key': 'urmc', 'data': {'default_queue_id': None, 'queue_name': 'Urology'}, 'integration_id': 'e4dd9ed6-76e8-4106-bfb7-14355133ed66', 'method': 'ARE_LIVECHAT_AGENTS_ONLINE'}",707,"{'areAgentsOnline': True, 'is_success': True}"
4fc4b1e3-0388-476a-87d4-925fdf22c23f,08fd0ad8-b8bd-4c6d-a1bf-c381dbe24b4d,48,"{'nluEngineVersion': '65d388268f9c81a5fb065f9cf8445d04396053ce urmc-6a3114572dffb9b823623fc3281cb224', 'request': {'bot_key': 'urmc', 'data': {'default_queue_id': None, 'queue_name': 'Urology'}, 'integration_id': 'e4dd9ed6-76e8-4106-bfb7-14355133ed66', 'method': 'ARE_LIVECHAT_AGENTS_ONLINE'}, 'requestLatency': 585, 'response': {'areAgentsOnline': True, 'is_success': True}}",66fd9eba55f202ce26075cd2,2024-10-02 22:27:54.178,INTEGRATION_REQUEST_RESULT,65d388268f9c81a5fb065f9cf8445d04396053ce urmc-6a3114572dffb9b823623fc3281cb224,"{'bot_key': 'urmc', 'data': {'default_queue_id': None, 'queue_name': 'Urology'}, 'integration_id': 'e4dd9ed6-76e8-4106-bfb7-14355133ed66', 'method': 'ARE_LIVECHAT_AGENTS_ONLINE'}",585,"{'areAgentsOnline': True, 'is_success': True}"
2a19d0a2-65ad-4ea9-b72d-41f491995897,08fd0ad8-b8bd-4c6d-a1bf-c381dbe24b4d,40,"{'nluEngineVersion': '65d388268f9c81a5fb065f9cf8445d04396053ce urmc-f8af18fcbc10a021a6068c79edd3e93f', 'request': {'bot_key': 'urmc', 'data': {'default_queue_id': None, 'queue_name': 'Urology'}, 'integration_id': 'e4dd9ed6-76e8-4106-bfb7-14355133ed66', 'method': 'ARE_LIVECHAT_AGENTS_ONLINE'}, 'requestLatency': 759, 'response': {'areAgentsOnline': True, 'is_success': True}}",66fd534955f202ce26033fdf,2024-10-02 17:06:01.117,INTEGRATION_REQUEST_RESULT,65d388268f9c81a5fb065f9cf8445d04396053ce urmc-f8af18fcbc10a021a6068c79edd3e93f,"{'bot_key': 'urmc', 'data': {'default_queue_id': None, 'queue_name': 'Urology'}, 'integration_id': 'e4dd9ed6-76e8-4106-bfb7-14355133ed66', 'method': 'ARE_LIVECHAT_AGENTS_ONLINE'}",759,"{'areAgentsOnline': True, 'is_success': True}"
0cf3f2b5-a7a0-499c-a1d8-f47936eae0c9,08fd0ad8-b8bd-4c6d-a1bf-c381dbe24b4d,60,"{'nluEngineVersion': '65d388268f9c81a5fb065f9cf8445d04396053ce urmc-f8af18fcbc10a021a6068c79edd3e93f', 'request': {'bot_key': 'urmc', 'data': {'default_queue_id': None, 'queue_name': 'Urology'}, 'integration_id': 'e4dd9ed6-76e8-4106-bfb7-14355133ed66', 'method': 'ARE_LIVECHAT_AGENTS_ONLINE'}, 'requestLatency': 570, 'response': {'areAgentsOnline': True, 'is_success': True}}",66fd742455f202ce26052eaa,2024-10-02 19:26:12.940,INTEGRATION_REQUEST_RESULT,65d388268f9c81a5fb065f9cf8445d04396053ce urmc-f8af18fcbc10a021a6068c79edd3e93f,"{'bot_key': 'urmc', 'data': {'default_queue_id': None, 'queue_name': 'Urology'}, 'integration_id': 'e4dd9ed6-76e8-4106-bfb7-14355133ed66', 'method': 'ARE_LIVECHAT_AGENTS_ONLINE'}",570,"{'areAgentsOnline': True, 'is_success': True}"
03e5298e-1c3f-443c-91e6-0e124a883c85,08fd0ad8-b8bd-4c6d-a1bf-c381dbe24b4d,45,"{'nluEngineVersion': '65d388268f9c81a5fb065f9cf8445d04396053ce urmc-6a3114572dffb9b823623fc3281cb224', 'request': {'bot_key': 'urmc', 'data': {'default_queue_id': None, 'queue_name': 'Urology'}, 'integration_id': 'e4dd9ed6-76e8-4106-bfb7-14355133ed66', 'method': 'ARE_LIVECHAT_AGENTS_ONLINE'}, 'requestLatency': 632, 'response': {'areAgentsOnline': True, 'is_success': True}}",66fd8e5655f202ce2606932a,2024-10-02 21:17:58.667,INTEGRATION_REQUEST_RESULT,65d388268f9c81a5fb065f9cf8445d04396053ce urmc-6a3114572dffb9b823623fc3281cb224,"{'bot_key': 'urmc', 'data': {'default_queue_id': None, 'queue_name': 'Urology'}, 'integration_id': 'e4dd9ed6-76e8-4106-bfb7-14355133ed66', 'method': 'ARE_LIVECHAT_AGENTS_ONLINE'}",632,"{'areAgentsOnline': True, 'is_success': True}"
018fca22-1115-4e34-bea5-c8e4c7b7b7c7,08fd0ad8-b8bd-4c6d-a1bf-c381dbe24b4d,132,"{'nluEngineVersion': 'e1540ef6ef90a451708d44b77b7f914b18c92060 urmc-5acc02dcce4ca96fa36dc5578ebacdc1', 'request': {'bot_key': 'urmc', 'data': {'default_queue_id': None, 'queue_name': 'Urology'}, 'integration_id': 'e4dd9ed6-76e8-4106-bfb7-14355133ed66', 'method': 'ARE_LIVECHAT_AGENTS_ONLINE'}, 'requestLatency': 554, 'response': {'areAgentsOnline': True, 'is_success': True}}",67081b988529bdd2887d0ced,2024-10-10 21:23:20.938,INTEGRATION_REQUEST_RESULT,e1540ef6ef90a451708d44b77b7f914b18c92060 urmc-5acc02dcce4ca96fa36dc5578ebacdc1,"{'bot_key': 'urmc', 'data': {'default_queue_id': None, 'queue_name': 'Urology'}, 'integration_id': 'e4dd9ed6-76e8-4106-bfb7-14355133ed66', 'method': 'ARE_LIVECHAT_AGENTS_ONLINE'}",554,"{'areAgentsOnline': True, 'is_success': True}"
6de42711-f810-41bd-aa0d-6d4acf9d6b49,08fd0ad8-b8bd-4c6d-a1bf-c381dbe24b4d,30,"{'nluEngineVersion': 'e1540ef6ef90a451708d44b77b7f914b18c92060 urmc-5acc02dcce4ca96fa36dc5578ebacdc1', 'request': {'bot_key': 'urmc', 'data': {'default_queue_id': None, 'queue_name': 'Air'}, 'integration_id': 'e4dd9ed6-76e8-4106-bfb7-14355133ed66', 'method': 'ARE_LIVECHAT_AGENTS_ONLINE'}, 'requestLatency': 1104, 'response': {'areAgentsOnline': True, 'is_success': True}}",67082ae98529bdd2887de176,2024-10-10 22:28:41.451,INTEGRATION_REQUEST_RESULT,e1540ef6ef90a451708d44b77b7f914b18c92060 urmc-5acc02dcce4ca96fa36dc5578ebacdc1,"{'bot_key': 'urmc', 'data': {'default_queue_id': None, 'queue_name': 'Air'}, 'integration_id': 'e4dd9ed6-76e8-4106-bfb7-14355133ed66', 'method': 'ARE_LIVECHAT_AGENTS_ONLINE'}",1104,"{'areAgentsOnline': True, 'is_success': True}"
f31ef72a-ca89-4069-aafc-d2fad1072a55,08fd0ad8-b8bd-4c6d-a1bf-c381dbe24b4d,30,"{'nluEngineVersion': 'e1540ef6ef90a451708d44b77b7f914b18c92060 urmc-5acc02dcce4ca96fa36dc5578ebacdc1', 'request': {'bot_key': 'urmc', 'data': {'default_queue_id': None, 'queue_name': 'Urology'}, 'integration_id': 'e4dd9ed6-76e8-4106-bfb7-14355133ed66', 'method': 'ARE_LIVECHAT_AGENTS_ONLINE'}, 'requestLatency': 840, 'response': {'areAgentsOnline': True, 'is_success': True}}",67082a6e8529bdd2887ddb04,2024-10-10 22:26:38.185,INTEGRATION_REQUEST_RESULT,e1540ef6ef90a451708d44b77b7f914b18c92060 urmc-5acc02dcce4ca96fa36dc5578ebacdc1,"{'bot_key': 'urmc', 'data': {'default_queue_id': None, 'queue_name': 'Urology'}, 'integration_id': 'e4dd9ed6-76e8-4106-bfb7-14355133ed66', 'method': 'ARE_LIVECHAT_AGENTS_ONLINE'}",840,"{'areAgentsOnline': True, 'is_success': True}"
0248ab1e-2f61-4d2e-98e3-6e12c390a1b5,08fd0ad8-b8bd-4c6d-a1bf-c381dbe24b4d,37,"{'nluEngineVersion': '65d388268f9c81a5fb065f9cf8445d04396053ce urmc-6d31e9428cd30eafb7aedfca66870d2b', 'request': {'bot_key': 'urmc', 'data': {'default_queue_id': None, 'queue_name': 'Urology'}, 'integration_id': 'e4dd9ed6-76e8-4106-bfb7-14355133ed66', 'method': 'ARE_LIVECHAT_AGENTS_ONLINE'}, 'requestLatency': 556, 'response': {'areAgentsOnline': True, 'is_success': True}}",66fe96f99aed72ff524807fd,2024-10-03 16:07:05.766,INTEGRATION_REQUEST_RESULT,65d388268f9c81a5fb065f9cf8445d04396053ce urmc-6d31e9428cd30eafb7aedfca66870d2b,"{'bot_key': 'urmc', 'data': {'default_queue_id': None, 'queue_name': 'Urology'}, 'integration_id': 'e4dd9ed6-76e8-4106-bfb7-14355133ed66', 'method': 'ARE_LIVECHAT_AGENTS_ONLINE'}",556,"{'areAgentsOnline': True, 'is_success': True}"
0b0fb89d-096b-40ed-9f31-0853911d581c,08fd0ad8-b8bd-4c6d-a1bf-c381dbe24b4d,78,"{'nluEngineVersion': '65d388268f9c81a5fb065f9cf8445d04396053ce urmc-6d31e9428cd30eafb7aedfca66870d2b', 'request': {'bot_key': 'urmc', 'data': {'default_queue_id': None, 'queue_name': 'Urology'}, 'integration_id': 'e4dd9ed6-76e8-4106-bfb7-14355133ed66', 'method': 'ARE_LIVECHAT_AGENTS_ONLINE'}, 'requestLatency': 699, 'response': {'areAgentsOnline': True, 'is_success': True}}",66fecebb55f202ce26139b76,2024-10-03 20:04:59.058,INTEGRATION_REQUEST_RESULT,65d388268f9c81a5fb065f9cf8445d04396053ce urmc-6d31e9428cd30eafb7aedfca66870d2b,"{'bot_key': 'urmc', 'data': {'default_queue_id': None, 'queue_name': 'Urology'}, 'integration_id': 'e4dd9ed6-76e8-4106-bfb7-14355133ed66', 'method': 'ARE_LIVECHAT_AGENTS_ONLINE'}",699,"{'areAgentsOnline': True, 'is_success': True}"
e1796081-5ed6-474d-8588-ef372e1bb819,08fd0ad8-b8bd-4c6d-a1bf-c381dbe24b4d,37,"{'nluEngineVersion': '65d388268f9c81a5fb065f9cf8445d04396053ce urmc-480f4182e6c89e0232888471a5937803', 'request': {'bot_key': 'urmc', 'data': {'default_queue_id': None, 'queue_name': 'Urology'}, 'integration_id': 'e4dd9ed6-76e8-4106-bfb7-14355133ed66', 'method': 'ARE_LIVECHAT_AGENTS_ONLINE'}, 'requestLatency': 598, 'response': {'areAgentsOnline': True, 'is_success': True}}",67003289da6a1c1483236e6b,2024-10-04 21:23:05.259,INTEGRATION_REQUEST_RESULT,65d388268f9c81a5fb065f9cf8445d04396053ce urmc-480f4182e6c89e0232888471a5937803,"{'bot_key': 'urmc', 'data': {'default_queue_id': None, 'queue_name': 'Urology'}, 'integration_id': 'e4dd9ed6-76e8-4106-bfb7-14355133ed66', 'method': 'ARE_LIVECHAT_AGENTS_ONLINE'}",598,"{'areAgentsOnline': True, 'is_success': True}"
7c834aef-a05a-4c73-8d71-4ff7ac271019,08fd0ad8-b8bd-4c6d-a1bf-c381dbe24b4d,69,"{'nluEngineVersion': 'bf0fa48f613fdf0b2793c9372faf42e8bb3aa883 urmc-89d910f65fcc8f771e58593cb7e0ce9d', 'request': {'bot_key': 'urmc', 'data': {'default_queue_id': None, 'queue_name': 'Urology'}, 'integration_id': 'e4dd9ed6-76e8-4106-bfb7-14355133ed66', 'method': 'ARE_LIVECHAT_AGENTS_ONLINE'}, 'requestLatency': 609, 'response': {'areAgentsOnline': True, 'is_success': True}}",670d4b04881e9aad8ce3d142,2024-10-14 19:47:00.052,INTEGRATION_REQUEST_RESULT,bf0fa48f613fdf0b2793c9372faf42e8bb3aa883 urmc-89d910f65fcc8f771e58593cb7e0ce9d,"{'bot_key': 'urmc', 'data': {'default_queue_id': None, 'queue_name': 'Urology'}, 'integration_id': 'e4dd9ed6-76e8-4106-bfb7-14355133ed66', 'method': 'ARE_LIVECHAT_AGENTS_ONLINE'}",609,"{'areAgentsOnline': True, 'is_success': True}"
8af9c7d6-87a4-4d35-87e8-51fb1d41c1d1,08fd0ad8-b8bd-4c6d-a1bf-c381dbe24b4d,77,"{'nluEngineVersion': 'e1540ef6ef90a451708d44b77b7f914b18c92060 urmc-5acc02dcce4ca96fa36dc5578ebacdc1', 'request': {'bot_key': 'urmc', 'data': {'default_queue_id': None, 'queue_name': 'Urology'}, 'integration_id': 'e4dd9ed6-76e8-4106-bfb7-14355133ed66', 'method': 'ARE_LIVECHAT_AGENTS_ONLINE'}, 'requestLatency': 516, 'response': {'areAgentsOnline': True, 'is_success': True}}",670821ea8529bdd2887d6482,2024-10-10 21:50:18.519,INTEGRATION_REQUEST_RESULT,e1540ef6ef90a451708d44b77b7f914b18c92060 urmc-5acc02dcce4ca96fa36dc5578ebacdc1,"{'bot_key': 'urmc', 'data': {'default_queue_id': None, 'queue_name': 'Urology'}, 'integration_id': 'e4dd9ed6-76e8-4106-bfb7-14355133ed66', 'method': 'ARE_LIVECHAT_AGENTS_ONLINE'}",516,"{'areAgentsOnline': True, 'is_success': True}"
974358d4-8741-4d5d-9d4d-ff387cf95fe6,08fd0ad8-b8bd-4c6d-a1bf-c381dbe24b4d,30,"{'nluEngineVersion': '65d388268f9c81a5fb065f9cf8445d04396053ce urmc-f8af18fcbc10a021a6068c79edd3e93f', 'request': {'bot_key': 'urmc', 'data': {'default_queue_id': None, 'queue_name': 'Urology'}, 'integration_id': 'e4dd9ed6-76e8-4106-bfb7-14355133ed66', 'method': 'ARE_LIVECHAT_AGENTS_ONLINE'}, 'requestLatency': 999, 'response': {'areAgentsOnline': True, 'is_success': True}}",66fc544455f202ce26fa978a,2024-10-01 22:57:56.046,INTEGRATION_REQUEST_RESULT,65d388268f9c81a5fb065f9cf8445d04396053ce urmc-f8af18fcbc10a021a6068c79edd3e93f,"{'bot_key': 'urmc', 'data': {'default_queue_id': None, 'queue_name': 'Urology'}, 'integration_id': 'e4dd9ed6-76e8-4106-bfb7-14355133ed66', 'method': 'ARE_LIVECHAT_AGENTS_ONLINE'}",999,"{'areAgentsOnline': True, 'is_success': True}"
9c2611e2-7da9-4699-b8a9-756b50ce6f48,08fd0ad8-b8bd-4c6d-a1bf-c381dbe24b4d,43,"{'nluEngineVersion': '65d388268f9c81a5fb065f9cf8445d04396053ce urmc-f8af18fcbc10a021a6068c79edd3e93f', 'request': {'bot_key': 'urmc', 'data': {'default_queue_id': None, 'queue_name': 'Urology'}, 'integration_id': 'e4dd9ed6-76e8-4106-bfb7-14355133ed66', 'method': 'ARE_LIVECHAT_AGENTS_ONLINE'}, 'requestLatency': 448, 'response': {'areAgentsOnline': True, 'is_success': True}}",66fc521dce37c378347d6954,2024-10-01 22:48:45.214,INTEGRATION_REQUEST_RESULT,65d388268f9c81a5fb065f9cf8445d04396053ce urmc-f8af18fcbc10a021a6068c79edd3e93f,"{'bot_key': 'urmc', 'data': {'default_queue_id': None, 'queue_name': 'Urology'}, 'integration_id': 'e4dd9ed6-76e8-4106-bfb7-14355133ed66', 'method': 'ARE_LIVECHAT_AGENTS_ONLINE'}",448,"{'areAgentsOnline': True, 'is_success': True}"
e2edac63-0b5e-47aa-ba2b-00175cea5171,08fd0ad8-b8bd-4c6d-a1bf-c381dbe24b4d,37,"{'nluEngineVersion': '994728dac64a817fed0f861790cb68161d62463e urmc-5045c59462abcdbf1dd96474e081c41b', 'request': {'bot_key': 'urmc', 'data': {'default_queue_id': None, 'queue_name': 'Urology'}, 'integration_id': 'e4dd9ed6-76e8-4106-bfb7-14355133ed66', 'method': 'ARE_LIVECHAT_AGENTS_ONLINE'}, 'requestLatency': 570, 'response': {'areAgentsOnline': True, 'is_success': True}}",66fc234a55f202ce26f7ef2e,2024-10-01 19:28:58.390,INTEGRATION_REQUEST_RESULT,994728dac64a817fed0f861790cb68161d62463e urmc-5045c59462abcdbf1dd96474e081c41b,"{'bot_key': 'urmc', 'data': {'default_queue_id': None, 'queue_name': 'Urology'}, 'integration_id': 'e4dd9ed6-76e8-4106-bfb7-14355133ed66', 'method': 'ARE_LIVECHAT_AGENTS_ONLINE'}",570,"{'areAgentsOnline': True, 'is_success': True}"
0d7ccf85-ee2a-4b6c-ba8f-20f2de4ec192,08fd0ad8-b8bd-4c6d-a1bf-c381dbe24b4d,50,"{'nluEngineVersion': '994728dac64a817fed0f861790cb68161d62463e urmc-9e92385eca986a968c0ca3e707e0274a', 'request': {'bot_key': 'urmc', 'data': {'default_queue_id': None, 'queue_name': 'Urology'}, 'integration_id': 'e4dd9ed6-76e8-4106-bfb7-14355133ed66', 'method': 'ARE_LIVECHAT_AGENTS_ONLINE'}, 'requestLatency': 549, 'response': {'areAgentsOnline': True, 'is_success': True}}",66fbfe4f55f202ce26f593a3,2024-10-01 16:51:11.720,INTEGRATION_REQUEST_RESULT,994728dac64a817fed0f861790cb68161d62463e urmc-9e92385eca986a968c0ca3e707e0274a,"{'bot_key': 'urmc', 'data': {'default_queue_id': None, 'queue_name': 'Urology'}, 'integration_id': 'e4dd9ed6-76e8-4106-bfb7-14355133ed66', 'method': 'ARE_LIVECHAT_AGENTS_ONLINE'}",549,"{'areAgentsOnline': True, 'is_success': True}"
a1e8a935-277f-43f3-8247-25282968866a,08fd0ad8-b8bd-4c6d-a1bf-c381dbe24b4d,43,"{'nluEngineVersion': 'e1641e9e796d573a677b441c828108271ac45ffb urmc-f8af18fcbc10a021a6068c79edd3e93f', 'request': {'bot_key': 'urmc', 'data': {'default_queue_id': None, 'queue_name': 'Urology'}, 'integration_id': 'e4dd9ed6-76e8-4106-bfb7-14355133ed66', 'method': 'ARE_LIVECHAT_AGENTS_ONLINE'}, 'requestLatency': 430, 'response': {'areAgentsOnline': True, 'is_success': True}}",66fc2e5606ea172c89cb4c43,2024-10-01 20:16:06.599,INTEGRATION_REQUEST_RESULT,e1641e9e796d573a677b441c828108271ac45ffb urmc-f8af18fcbc10a021a6068c79edd3e93f,"{'bot_key': 'urmc', 'data': {'default_queue_id': None, 'queue_name': 'Urology'}, 'integration_id': 'e4dd9ed6-76e8-4106-bfb7-14355133ed66', 'method': 'ARE_LIVECHAT_AGENTS_ONLINE'}",430,"{'areAgentsOnline': True, 'is_success': True}"
e3b2ae20-dc1e-40b1-b49f-bf5836299103,08fd0ad8-b8bd-4c6d-a1bf-c381dbe24b4d,30,"{'nluEngineVersion': 'a6f109567b9d330e351f52437db72c06ebe694f2 urmc-f95578ec092932482f95a0d3fdaedaa8', 'request': {'bot_key': 'urmc', 'data': {'default_queue_id': None, 'queue_name': 'Air'}, 'integration_id': 'e4dd9ed6-76e8-4106-bfb7-14355133ed66', 'method': 'ARE_LIVECHAT_AGENTS_ONLINE'}, 'requestLatency': 499, 'response': {'areAgentsOnline': True, 'is_success': True}}",670564c64f3c05168c78836d,2024-10-08 19:58:46.628,INTEGRATION_REQUEST_RESULT,a6f109567b9d330e351f52437db72c06ebe694f2 urmc-f95578ec092932482f95a0d3fdaedaa8,"{'bot_key': 'urmc', 'data': {'default_queue_id': None, 'queue_name': 'Air'}, 'integration_id': 'e4dd9ed6-76e8-4106-bfb7-14355133ed66', 'method': 'ARE_LIVECHAT_AGENTS_ONLINE'}",499,"{'areAgentsOnline': True, 'is_success': True}"
a633bccd-020d-49e0-a9e1-ecae9edbc636,08fd0ad8-b8bd-4c6d-a1bf-c381dbe24b4d,40,"{'nluEngineVersion': '8307155cd3fb198077acd99ef4a2e834c23ed71f urmc-89d910f65fcc8f771e58593cb7e0ce9d', 'request': {'bot_key': 'urmc', 'data': {'default_queue_id': None, 'queue_name': 'Urology'}, 'integration_id': 'e4dd9ed6-76e8-4106-bfb7-14355133ed66', 'method': 'ARE_LIVECHAT_AGENTS_ONLINE'}, 'requestLatency': 417, 'response': {'areAgentsOnline': True, 'is_success': True}}",670d5ded14519701d62fba18,2024-10-14 21:07:41.248,INTEGRATION_REQUEST_RESULT,8307155cd3fb198077acd99ef4a2e834c23ed71f urmc-89d910f65fcc8f771e58593cb7e0ce9d,"{'bot_key': 'urmc', 'data': {'default_queue_id': None, 'queue_name': 'Urology'}, 'integration_id': 'e4dd9ed6-76e8-4106-bfb7-14355133ed66', 'method': 'ARE_LIVECHAT_AGENTS_ONLINE'}",417,"{'areAgentsOnline': True, 'is_success': True}"
ccc7c522-7379-4586-8ad3-3e4714992f2d,08fd0ad8-b8bd-4c6d-a1bf-c381dbe24b4d,37,"{'nluEngineVersion': 'bf0fa48f613fdf0b2793c9372faf42e8bb3aa883 urmc-89d910f65fcc8f771e58593cb7e0ce9d', 'request': {'bot_key': 'urmc', 'data': {'default_queue_id': None, 'queue_name': 'Urology'}, 'integration_id': 'e4dd9ed6-76e8-4106-bfb7-14355133ed66', 'method': 'ARE_LIVECHAT_AGENTS_ONLINE'}, 'requestLatency': 581, 'response': {'areAgentsOnline': True, 'is_success': True}}",670d1aff8529bdd288ac5fe1,2024-10-14 16:22:07.522,INTEGRATION_REQUEST_RESULT,bf0fa48f613fdf0b2793c9372faf42e8bb3aa883 urmc-89d910f65fcc8f771e58593cb7e0ce9d,"{'bot_key': 'urmc', 'data': {'default_queue_id': None, 'queue_name': 'Urology'}, 'integration_id': 'e4dd9ed6-76e8-4106-bfb7-14355133ed66', 'method': 'ARE_LIVECHAT_AGENTS_ONLINE'}",581,"{'areAgentsOnline': True, 'is_success': True}"
9ba01f2f-8935-494d-8e11-3818664e1d47,08fd0ad8-b8bd-4c6d-a1bf-c381dbe24b4d,46,"{'nluEngineVersion': '7c8aa7cf05639bb2edb7c225a6aa00c85537c812 urmc-b36d458c4b00d2be35abe2d4d99f8ef6', 'request': {'bot_key': 'urmc', 'data': {'default_queue_id': None, 'queue_name': 'Urology'}, 'integration_id': 'e4dd9ed6-76e8-4106-bfb7-14355133ed66', 'method': 'ARE_LIVECHAT_AGENTS_ONLINE'}, 'requestLatency': 573, 'response': {'areAgentsOnline': True, 'is_success': True}}",670934a114519701d607e0fd,2024-10-11 17:22:25.922,INTEGRATION_REQUEST_RESULT,7c8aa7cf05639bb2edb7c225a6aa00c85537c812 urmc-b36d458c4b00d2be35abe2d4d99f8ef6,"{'bot_key': 'urmc', 'data': {'default_queue_id': None, 'queue_name': 'Urology'}, 'integration_id': 'e4dd9ed6-76e8-4106-bfb7-14355133ed66', 'method': 'ARE_LIVECHAT_AGENTS_ONLINE'}",573,"{'areAgentsOnline': True, 'is_success': True}"
297cd602-750c-4e14-a3f1-9e58e4465c00,08fd0ad8-b8bd-4c6d-a1bf-c381dbe24b4d,39,"{'nluEngineVersion': 'bf0fa48f613fdf0b2793c9372faf42e8bb3aa883 urmc-89d910f65fcc8f771e58593cb7e0ce9d', 'request': {'bot_key': 'urmc', 'data': {'default_queue_id': None, 'queue_name': 'Urology'}, 'integration_id': 'e4dd9ed6-76e8-4106-bfb7-14355133ed66', 'method': 'ARE_LIVECHAT_AGENTS_ONLINE'}, 'requestLatency': 480, 'response': {'areAgentsOnline': True, 'is_success': True}}",670d3afb881e9aad8ce2f724,2024-10-14 18:38:35.176,INTEGRATION_REQUEST_RESULT,bf0fa48f613fdf0b2793c9372faf42e8bb3aa883 urmc-89d910f65fcc8f771e58593cb7e0ce9d,"{'bot_key': 'urmc', 'data': {'default_queue_id': None, 'queue_name': 'Urology'}, 'integration_id': 'e4dd9ed6-76e8-4106-bfb7-14355133ed66', 'method': 'ARE_LIVECHAT_AGENTS_ONLINE'}",480,"{'areAgentsOnline': True, 'is_success': True}"
f85f1edc-5df4-4f13-9e50-d7cb04fdf082,08fd0ad8-b8bd-4c6d-a1bf-c381dbe24b4d,30,"{'nluEngineVersion': 'bf0fa48f613fdf0b2793c9372faf42e8bb3aa883 urmc-89d910f65fcc8f771e58593cb7e0ce9d', 'request': {'bot_key': 'urmc', 'data': {'default_queue_id': None, 'queue_name': 'Urology'}, 'integration_id': 'e4dd9ed6-76e8-4106-bfb7-14355133ed66', 'method': 'ARE_LIVECHAT_AGENTS_ONLINE'}, 'requestLatency': 772, 'response': {'areAgentsOnline': True, 'is_success': True}}",670d2675881e9aad8ce1ae77,2024-10-14 17:11:01.808,INTEGRATION_REQUEST_RESULT,bf0fa48f613fdf0b2793c9372faf42e8bb3aa883 urmc-89d910f65fcc8f771e58593cb7e0ce9d,"{'bot_key': 'urmc', 'data': {'default_queue_id': None, 'queue_name': 'Urology'}, 'integration_id': 'e4dd9ed6-76e8-4106-bfb7-14355133ed66', 'method': 'ARE_LIVECHAT_AGENTS_ONLINE'}",772,"{'areAgentsOnline': True, 'is_success': True}"
c79a9c43-a606-4edb-841f-6c7a953c1199,08fd0ad8-b8bd-4c6d-a1bf-c381dbe24b4d,40,"{'nluEngineVersion': 'bf0fa48f613fdf0b2793c9372faf42e8bb3aa883 urmc-89d910f65fcc8f771e58593cb7e0ce9d', 'request': {'bot_key': 'urmc', 'data': {'default_queue_id': None, 'queue_name': 'Urology'}, 'integration_id': 'e4dd9ed6-76e8-4106-bfb7-14355133ed66', 'method': 'ARE_LIVECHAT_AGENTS_ONLINE'}, 'requestLatency': 353, 'response': {'areAgentsOnline': True, 'is_success': True}}",670d46d2881e9aad8ce39807,2024-10-14 19:29:06.456,INTEGRATION_REQUEST_RESULT,bf0fa48f613fdf0b2793c9372faf42e8bb3aa883 urmc-89d910f65fcc8f771e58593cb7e0ce9d,"{'bot_key': 'urmc', 'data': {'default_queue_id': None, 'queue_name': 'Urology'}, 'integration_id': 'e4dd9ed6-76e8-4106-bfb7-14355133ed66', 'method': 'ARE_LIVECHAT_AGENTS_ONLINE'}",353,"{'areAgentsOnline': True, 'is_success': True}"
1666d847-1a6e-4063-b306-159352386344,08fd0ad8-b8bd-4c6d-a1bf-c381dbe24b4d,42,"{'nluEngineVersion': '65d388268f9c81a5fb065f9cf8445d04396053ce urmc-f8af18fcbc10a021a6068c79edd3e93f', 'request': {'bot_key': 'urmc', 'data': {'default_queue_id': None, 'queue_name': 'Urology'}, 'integration_id': 'e4dd9ed6-76e8-4106-bfb7-14355133ed66', 'method': 'ARE_LIVECHAT_AGENTS_ONLINE'}, 'requestLatency': 495, 'response': {'areAgentsOnline': True, 'is_success': True}}",66fc4f44f5f972a5bee7d748,2024-10-01 22:36:36.708,INTEGRATION_REQUEST_RESULT,65d388268f9c81a5fb065f9cf8445d04396053ce urmc-f8af18fcbc10a021a6068c79edd3e93f,"{'bot_key': 'urmc', 'data': {'default_queue_id': None, 'queue_name': 'Urology'}, 'integration_id': 'e4dd9ed6-76e8-4106-bfb7-14355133ed66', 'method': 'ARE_LIVECHAT_AGENTS_ONLINE'}",495,"{'areAgentsOnline': True, 'is_success': True}"
2976cc9b-7d9a-4736-bc0a-ec49866965b7,08fd0ad8-b8bd-4c6d-a1bf-c381dbe24b4d,37,"{'nluEngineVersion': '2e1507ce847342e9c6b49a2a855bd4def47b8a06 urmc-9e92385eca986a968c0ca3e707e0274a', 'request': {'bot_key': 'urmc', 'data': {'default_queue_id': None, 'queue_name': 'Urology'}, 'integration_id': 'e4dd9ed6-76e8-4106-bfb7-14355133ed66', 'method': 'ARE_LIVECHAT_AGENTS_ONLINE'}, 'requestLatency': 468, 'response': {'areAgentsOnline': True, 'is_success': True}}",66fbea0ace37c3783476c5d6,2024-10-01 15:24:42.949,INTEGRATION_REQUEST_RESULT,2e1507ce847342e9c6b49a2a855bd4def47b8a06 urmc-9e92385eca986a968c0ca3e707e0274a,"{'bot_key': 'urmc', 'data': {'default_queue_id': None, 'queue_name': 'Urology'}, 'integration_id': 'e4dd9ed6-76e8-4106-bfb7-14355133ed66', 'method': 'ARE_LIVECHAT_AGENTS_ONLINE'}",468,"{'areAgentsOnline': True, 'is_success': True}"
9760ab45-4366-40c1-8383-362b95d5a108,08fd0ad8-b8bd-4c6d-a1bf-c381dbe24b4d,37,"{'nluEngineVersion': '994728dac64a817fed0f861790cb68161d62463e urmc-5045c59462abcdbf1dd96474e081c41b', 'request': {'bot_key': 'urmc', 'data': {'default_queue_id': None, 'queue_name': 'Urology'}, 'integration_id': 'e4dd9ed6-76e8-4106-bfb7-14355133ed66', 'method': 'ARE_LIVECHAT_AGENTS_ONLINE'}, 'requestLatency': 398, 'response': {'areAgentsOnline': True, 'is_success': True}}",66fc0b7555f202ce26f6894e,2024-10-01 17:47:17.053,INTEGRATION_REQUEST_RESULT,994728dac64a817fed0f861790cb68161d62463e urmc-5045c59462abcdbf1dd96474e081c41b,"{'bot_key': 'urmc', 'data': {'default_queue_id': None, 'queue_name': 'Urology'}, 'integration_id': 'e4dd9ed6-76e8-4106-bfb7-14355133ed66', 'method': 'ARE_LIVECHAT_AGENTS_ONLINE'}",398,"{'areAgentsOnline': True, 'is_success': True}"
02ab6f8d-23e3-4ffc-a1c8-2f75baac3101,08fd0ad8-b8bd-4c6d-a1bf-c381dbe24b4d,42,"{'nluEngineVersion': '65d388268f9c81a5fb065f9cf8445d04396053ce urmc-f8af18fcbc10a021a6068c79edd3e93f', 'request': {'bot_key': 'urmc', 'data': {'default_queue_id': None, 'queue_name': 'Urology'}, 'integration_id': 'e4dd9ed6-76e8-4106-bfb7-14355133ed66', 'method': 'ARE_LIVECHAT_AGENTS_ONLINE'}, 'requestLatency': 1053, 'response': {'areAgentsOnline': True, 'is_success': True}}",66fc513055f202ce26fa6fc1,2024-10-01 22:44:48.102,INTEGRATION_REQUEST_RESULT,65d388268f9c81a5fb065f9cf8445d04396053ce urmc-f8af18fcbc10a021a6068c79edd3e93f,"{'bot_key': 'urmc', 'data': {'default_queue_id': None, 'queue_name': 'Urology'}, 'integration_id': 'e4dd9ed6-76e8-4106-bfb7-14355133ed66', 'method': 'ARE_LIVECHAT_AGENTS_ONLINE'}",1053,"{'areAgentsOnline': True, 'is_success': True}"
35d2620a-aa32-4f2d-b018-576b5a0f7de1,08fd0ad8-b8bd-4c6d-a1bf-c381dbe24b4d,30,"{'nluEngineVersion': '7d76806dacd9022f43205c499f77a1529744b90b urmc-f6abf1135b374ee1def31fd3efc6e049', 'request': {'bot_key': 'urmc', 'data': {'default_queue_id': None, 'queue_name': 'Air'}, 'integration_id': 'e4dd9ed6-76e8-4106-bfb7-14355133ed66', 'method': 'ARE_LIVECHAT_AGENTS_ONLINE'}, 'requestLatency': 865, 'response': {'areAgentsOnline': True, 'is_success': True}}",6703db53ce37c37834ceb2bc,2024-10-07 16:00:03.232,INTEGRATION_REQUEST_RESULT,7d76806dacd9022f43205c499f77a1529744b90b urmc-f6abf1135b374ee1def31fd3efc6e049,"{'bot_key': 'urmc', 'data': {'default_queue_id': None, 'queue_name': 'Air'}, 'integration_id': 'e4dd9ed6-76e8-4106-bfb7-14355133ed66', 'method': 'ARE_LIVECHAT_AGENTS_ONLINE'}",865,"{'areAgentsOnline': True, 'is_success': True}"
2e0160c9-3df3-4f15-ba4c-d2c9efc0a881,08fd0ad8-b8bd-4c6d-a1bf-c381dbe24b4d,38,"{'nluEngineVersion': 'f5a10b14fec038fdf643d891591f0686cac51771 urmc-169973b677a1a13aeec39e84f4b2807a', 'request': {'bot_key': 'urmc', 'data': {'default_queue_id': None, 'queue_name': 'Urology'}, 'integration_id': 'e4dd9ed6-76e8-4106-bfb7-14355133ed66', 'method': 'ARE_LIVECHAT_AGENTS_ONLINE'}, 'requestLatency': 755, 'response': {'areAgentsOnline': True, 'is_success': True}}",6703f70b00ab2c30dea89ecd,2024-10-07 17:58:19.351,INTEGRATION_REQUEST_RESULT,f5a10b14fec038fdf643d891591f0686cac51771 urmc-169973b677a1a13aeec39e84f4b2807a,"{'bot_key': 'urmc', 'data': {'default_queue_id': None, 'queue_name': 'Urology'}, 'integration_id': 'e4dd9ed6-76e8-4106-bfb7-14355133ed66', 'method': 'ARE_LIVECHAT_AGENTS_ONLINE'}",755,"{'areAgentsOnline': True, 'is_success': True}"
2e0160c9-3df3-4f15-ba4c-d2c9efc0a881,08fd0ad8-b8bd-4c6d-a1bf-c381dbe24b4d,152,"{'nluEngineVersion': 'f5a10b14fec038fdf643d891591f0686cac51771 urmc-169973b677a1a13aeec39e84f4b2807a', 'request': {'bot_key': 'urmc', 'data': {'default_queue_id': None, 'queue_name': 'Urology'}, 'integration_id': 'e4dd9ed6-76e8-4106-bfb7-14355133ed66', 'method': 'ARE_LIVECHAT_AGENTS_ONLINE'}, 'requestLatency': 744, 'response': {'areAgentsOnline': True, 'is_success': True}}",6703f8f800ab2c30dea8b9d6,2024-10-07 18:06:32.633,INTEGRATION_REQUEST_RESULT,f5a10b14fec038fdf643d891591f0686cac51771 urmc-169973b677a1a13aeec39e84f4b2807a,"{'bot_key': 'urmc', 'data': {'default_queue_id': None, 'queue_name': 'Urology'}, 'integration_id': 'e4dd9ed6-76e8-4106-bfb7-14355133ed66', 'method': 'ARE_LIVECHAT_AGENTS_ONLINE'}",744,"{'areAgentsOnline': True, 'is_success': True}"
f8e1fda0-5070-42c8-b5bb-2288d7b345e7,08fd0ad8-b8bd-4c6d-a1bf-c381dbe24b4d,41,"{'nluEngineVersion': 'd19ace2641a995554c48700cbecb9ca30b97477f urmc-169973b677a1a13aeec39e84f4b2807a', 'request': {'bot_key': 'urmc', 'data': {'default_queue_id': None, 'queue_name': 'Urology'}, 'integration_id': 'e4dd9ed6-76e8-4106-bfb7-14355133ed66', 'method': 'ARE_LIVECHAT_AGENTS_ONLINE'}, 'requestLatency': 606, 'response': {'areAgentsOnline': True, 'is_success': True}}",670424c255f202ce26476bd3,2024-10-07 21:13:22.672,INTEGRATION_REQUEST_RESULT,d19ace2641a995554c48700cbecb9ca30b97477f urmc-169973b677a1a13aeec39e84f4b2807a,"{'bot_key': 'urmc', 'data': {'default_queue_id': None, 'queue_name': 'Urology'}, 'integration_id': 'e4dd9ed6-76e8-4106-bfb7-14355133ed66', 'method': 'ARE_LIVECHAT_AGENTS_ONLINE'}",606,"{'areAgentsOnline': True, 'is_success': True}"
dde21e51-da50-40f1-8e97-308e52e1df9f,08fd0ad8-b8bd-4c6d-a1bf-c381dbe24b4d,81,"{'nluEngineVersion': 'f5a10b14fec038fdf643d891591f0686cac51771 urmc-169973b677a1a13aeec39e84f4b2807a', 'request': {'bot_key': 'urmc', 'data': {'default_queue_id': None, 'queue_name': 'Urology'}, 'integration_id': 'e4dd9ed6-76e8-4106-bfb7-14355133ed66', 'method': 'ARE_LIVECHAT_AGENTS_ONLINE'}, 'requestLatency': 664, 'response': {'areAgentsOnline': True, 'is_success': True}}",67041633ce37c37834d22dd3,2024-10-07 20:11:15.463,INTEGRATION_REQUEST_RESULT,f5a10b14fec038fdf643d891591f0686cac51771 urmc-169973b677a1a13aeec39e84f4b2807a,"{'bot_key': 'urmc', 'data': {'default_queue_id': None, 'queue_name': 'Urology'}, 'integration_id': 'e4dd9ed6-76e8-4106-bfb7-14355133ed66', 'method': 'ARE_LIVECHAT_AGENTS_ONLINE'}",664,"{'areAgentsOnline': True, 'is_success': True}"
3223cf35-c71d-4fe3-b9c1-68872df9ab96,08fd0ad8-b8bd-4c6d-a1bf-c381dbe24b4d,53,"{'nluEngineVersion': 'f5a10b14fec038fdf643d891591f0686cac51771 urmc-169973b677a1a13aeec39e84f4b2807a', 'request': {'bot_key': 'urmc', 'data': {'default_queue_id': None, 'queue_name': 'Urology'}, 'integration_id': 'e4dd9ed6-76e8-4106-bfb7-14355133ed66', 'method': 'ARE_LIVECHAT_AGENTS_ONLINE'}, 'requestLatency': 630, 'response': {'areAgentsOnline': True, 'is_success': True}}",6703fe78ce37c37834d0dcf1,2024-10-07 18:30:00.441,INTEGRATION_REQUEST_RESULT,f5a10b14fec038fdf643d891591f0686cac51771 urmc-169973b677a1a13aeec39e84f4b2807a,"{'bot_key': 'urmc', 'data': {'default_queue_id': None, 'queue_name': 'Urology'}, 'integration_id': 'e4dd9ed6-76e8-4106-bfb7-14355133ed66', 'method': 'ARE_LIVECHAT_AGENTS_ONLINE'}",630,"{'areAgentsOnline': True, 'is_success': True}"
80d00fe3-b19d-4102-98d9-0256c16ed540,08fd0ad8-b8bd-4c6d-a1bf-c381dbe24b4d,48,"{'nluEngineVersion': '7d76806dacd9022f43205c499f77a1529744b90b urmc-f6abf1135b374ee1def31fd3efc6e049', 'request': {'bot_key': 'urmc', 'data': {'default_queue_id': None, 'queue_name': 'Urology'}, 'integration_id': 'e4dd9ed6-76e8-4106-bfb7-14355133ed66', 'method': 'ARE_LIVECHAT_AGENTS_ONLINE'}, 'requestLatency': 782, 'response': {'areAgentsOnline': True, 'is_success': True}}",6703d032ce37c37834ce1fce,2024-10-07 15:12:34.194,INTEGRATION_REQUEST_RESULT,7d76806dacd9022f43205c499f77a1529744b90b urmc-f6abf1135b374ee1def31fd3efc6e049,"{'bot_key': 'urmc', 'data': {'default_queue_id': None, 'queue_name': 'Urology'}, 'integration_id': 'e4dd9ed6-76e8-4106-bfb7-14355133ed66', 'method': 'ARE_LIVECHAT_AGENTS_ONLINE'}",782,"{'areAgentsOnline': True, 'is_success': True}"
fd75fe86-b7b4-47aa-a62c-5c0d61a5bf6e,08fd0ad8-b8bd-4c6d-a1bf-c381dbe24b4d,79,"{'nluEngineVersion': 'd19ace2641a995554c48700cbecb9ca30b97477f urmc-169973b677a1a13aeec39e84f4b2807a', 'request': {'bot_key': 'urmc', 'data': {'default_queue_id': None, 'queue_name': 'Urology'}, 'integration_id': 'e4dd9ed6-76e8-4106-bfb7-14355133ed66', 'method': 'ARE_LIVECHAT_AGENTS_ONLINE'}, 'requestLatency': 573, 'response': {'areAgentsOnline': True, 'is_success': True}}",67042bd0ce37c37834d35fe0,2024-10-07 21:43:28.851,INTEGRATION_REQUEST_RESULT,d19ace2641a995554c48700cbecb9ca30b97477f urmc-169973b677a1a13aeec39e84f4b2807a,"{'bot_key': 'urmc', 'data': {'default_queue_id': None, 'queue_name': 'Urology'}, 'integration_id': 'e4dd9ed6-76e8-4106-bfb7-14355133ed66', 'method': 'ARE_LIVECHAT_AGENTS_ONLINE'}",573,"{'areAgentsOnline': True, 'is_success': True}"
300648c3-de1b-4612-a42a-9b78bba021aa,08fd0ad8-b8bd-4c6d-a1bf-c381dbe24b4d,37,"{'nluEngineVersion': 'd19ace2641a995554c48700cbecb9ca30b97477f urmc-169973b677a1a13aeec39e84f4b2807a', 'request': {'bot_key': 'urmc', 'data': {'default_queue_id': None, 'queue_name': 'Urology'}, 'integration_id': 'e4dd9ed6-76e8-4106-bfb7-14355133ed66', 'method': 'ARE_LIVECHAT_AGENTS_ONLINE'}, 'requestLatency': 340, 'response': {'areAgentsOnline': True, 'is_success': True}}",67043095dd018676c742e862,2024-10-07 22:03:49.280,INTEGRATION_REQUEST_RESULT,d19ace2641a995554c48700cbecb9ca30b97477f urmc-169973b677a1a13aeec39e84f4b2807a,"{'bot_key': 'urmc', 'data': {'default_queue_id': None, 'queue_name': 'Urology'}, 'integration_id': 'e4dd9ed6-76e8-4106-bfb7-14355133ed66', 'method': 'ARE_LIVECHAT_AGENTS_ONLINE'}",340,"{'areAgentsOnline': True, 'is_success': True}"
5d2a65b9-54d5-4e04-b044-850cafd46e85,08fd0ad8-b8bd-4c6d-a1bf-c381dbe24b4d,43,"{'nluEngineVersion': '7d76806dacd9022f43205c499f77a1529744b90b urmc-169973b677a1a13aeec39e84f4b2807a', 'request': {'bot_key': 'urmc', 'data': {'default_queue_id': None, 'queue_name': 'Urology'}, 'integration_id': 'e4dd9ed6-76e8-4106-bfb7-14355133ed66', 'method': 'ARE_LIVECHAT_AGENTS_ONLINE'}, 'requestLatency': 829, 'response': {'areAgentsOnline': True, 'is_success': True}}",6703e9f355f202ce264425f9,2024-10-07 17:02:27.818,INTEGRATION_REQUEST_RESULT,7d76806dacd9022f43205c499f77a1529744b90b urmc-169973b677a1a13aeec39e84f4b2807a,"{'bot_key': 'urmc', 'data': {'default_queue_id': None, 'queue_name': 'Urology'}, 'integration_id': 'e4dd9ed6-76e8-4106-bfb7-14355133ed66', 'method': 'ARE_LIVECHAT_AGENTS_ONLINE'}",829,"{'areAgentsOnline': True, 'is_success': True}"
d83e8d32-9190-42b7-ae09-3b46ab5f9294,08fd0ad8-b8bd-4c6d-a1bf-c381dbe24b4d,30,"{'nluEngineVersion': '7d76806dacd9022f43205c499f77a1529744b90b urmc-169973b677a1a13aeec39e84f4b2807a', 'request': {'bot_key': 'urmc', 'data': {'default_queue_id': None, 'queue_name': 'Air'}, 'integration_id': 'e4dd9ed6-76e8-4106-bfb7-14355133ed66', 'method': 'ARE_LIVECHAT_AGENTS_ONLINE'}, 'requestLatency': 951, 'response': {'areAgentsOnline': True, 'is_success': True}}",6703f073dd018676c73f6175,2024-10-07 17:30:11.682,INTEGRATION_REQUEST_RESULT,7d76806dacd9022f43205c499f77a1529744b90b urmc-169973b677a1a13aeec39e84f4b2807a,"{'bot_key': 'urmc', 'data': {'default_queue_id': None, 'queue_name': 'Air'}, 'integration_id': 'e4dd9ed6-76e8-4106-bfb7-14355133ed66', 'method': 'ARE_LIVECHAT_AGENTS_ONLINE'}",951,"{'areAgentsOnline': True, 'is_success': True}"
adea2aec-a361-46f1-91fe-73c86591bd14,08fd0ad8-b8bd-4c6d-a1bf-c381dbe24b4d,37,"{'nluEngineVersion': 'f5a10b14fec038fdf643d891591f0686cac51771 urmc-169973b677a1a13aeec39e84f4b2807a', 'request': {'bot_key': 'urmc', 'data': {'default_queue_id': None, 'queue_name': 'Urology'}, 'integration_id': 'e4dd9ed6-76e8-4106-bfb7-14355133ed66', 'method': 'ARE_LIVECHAT_AGENTS_ONLINE'}, 'requestLatency': 532, 'response': {'areAgentsOnline': True, 'is_success': True}}",6704149255f202ce26469264,2024-10-07 20:04:18.568,INTEGRATION_REQUEST_RESULT,f5a10b14fec038fdf643d891591f0686cac51771 urmc-169973b677a1a13aeec39e84f4b2807a,"{'bot_key': 'urmc', 'data': {'default_queue_id': None, 'queue_name': 'Urology'}, 'integration_id': 'e4dd9ed6-76e8-4106-bfb7-14355133ed66', 'method': 'ARE_LIVECHAT_AGENTS_ONLINE'}",532,"{'areAgentsOnline': True, 'is_success': True}"
c4589dd7-7c8f-4036-b502-d4f8150f7f3a,08fd0ad8-b8bd-4c6d-a1bf-c381dbe24b4d,37,"{'nluEngineVersion': 'e1540ef6ef90a451708d44b77b7f914b18c92060 urmc-5acc02dcce4ca96fa36dc5578ebacdc1', 'request': {'bot_key': 'urmc', 'data': {'default_queue_id': None, 'queue_name': 'Urology'}, 'integration_id': 'e4dd9ed6-76e8-4106-bfb7-14355133ed66', 'method': 'ARE_LIVECHAT_AGENTS_ONLINE'}, 'requestLatency': 2850, 'response': {'areAgentsOnline': False, 'is_success': True}}",67080f9386501aa6ad2011f1,2024-10-10 20:32:03.240,INTEGRATION_REQUEST_RESULT,e1540ef6ef90a451708d44b77b7f914b18c92060 urmc-5acc02dcce4ca96fa36dc5578ebacdc1,"{'bot_key': 'urmc', 'data': {'default_queue_id': None, 'queue_name': 'Urology'}, 'integration_id': 'e4dd9ed6-76e8-4106-bfb7-14355133ed66', 'method': 'ARE_LIVECHAT_AGENTS_ONLINE'}",2850,"{'areAgentsOnline': False, 'is_success': True}"
e69c48f8-0692-4116-86c5-00f0b4077e1f,08fd0ad8-b8bd-4c6d-a1bf-c381dbe24b4d,37,"{'nluEngineVersion': 'bf0fa48f613fdf0b2793c9372faf42e8bb3aa883 urmc-89d910f65fcc8f771e58593cb7e0ce9d', 'request': {'bot_key': 'urmc', 'data': {'default_queue_id': None, 'queue_name': 'Urology'}, 'integration_id': 'e4dd9ed6-76e8-4106-bfb7-14355133ed66', 'method': 'ARE_LIVECHAT_AGENTS_ONLINE'}, 'requestLatency': 400, 'response': {'areAgentsOnline': True, 'is_success': True}}",670d5156881e9aad8ce42439,2024-10-14 20:13:58.356,INTEGRATION_REQUEST_RESULT,bf0fa48f613fdf0b2793c9372faf42e8bb3aa883 urmc-89d910f65fcc8f771e58593cb7e0ce9d,"{'bot_key': 'urmc', 'data': {'default_queue_id': None, 'queue_name': 'Urology'}, 'integration_id': 'e4dd9ed6-76e8-4106-bfb7-14355133ed66', 'method': 'ARE_LIVECHAT_AGENTS_ONLINE'}",400,"{'areAgentsOnline': True, 'is_success': True}"
531d8138-9ea7-4373-9ea6-1a48bf5e60ef,08fd0ad8-b8bd-4c6d-a1bf-c381dbe24b4d,54,"{'nluEngineVersion': '65d388268f9c81a5fb065f9cf8445d04396053ce urmc-6a3114572dffb9b823623fc3281cb224', 'request': {'bot_key': 'urmc', 'data': {'default_queue_id': None, 'queue_name': 'Urology'}, 'integration_id': 'e4dd9ed6-76e8-4106-bfb7-14355133ed66', 'method': 'ARE_LIVECHAT_AGENTS_ONLINE'}, 'requestLatency': 406, 'response': {'areAgentsOnline': True, 'is_success': True}}",66fd952e55f202ce2606e805,2024-10-02 21:47:10.857,INTEGRATION_REQUEST_RESULT,65d388268f9c81a5fb065f9cf8445d04396053ce urmc-6a3114572dffb9b823623fc3281cb224,"{'bot_key': 'urmc', 'data': {'default_queue_id': None, 'queue_name': 'Urology'}, 'integration_id': 'e4dd9ed6-76e8-4106-bfb7-14355133ed66', 'method': 'ARE_LIVECHAT_AGENTS_ONLINE'}",406,"{'areAgentsOnline': True, 'is_success': True}"
9a9df2d4-579d-44e7-85b2-bf145ef41226,08fd0ad8-b8bd-4c6d-a1bf-c381dbe24b4d,76,"{'nluEngineVersion': '65d388268f9c81a5fb065f9cf8445d04396053ce urmc-f8af18fcbc10a021a6068c79edd3e93f', 'request': {'bot_key': 'urmc', 'data': {'default_queue_id': None, 'queue_name': 'Urology'}, 'integration_id': 'e4dd9ed6-76e8-4106-bfb7-14355133ed66', 'method': 'ARE_LIVECHAT_AGENTS_ONLINE'}, 'requestLatency': 617, 'response': {'areAgentsOnline': True, 'is_success': True}}",66fd72704a29b75ae498c122,2024-10-02 19:18:56.925,INTEGRATION_REQUEST_RESULT,65d388268f9c81a5fb065f9cf8445d04396053ce urmc-f8af18fcbc10a021a6068c79edd3e93f,"{'bot_key': 'urmc', 'data': {'default_queue_id': None, 'queue_name': 'Urology'}, 'integration_id': 'e4dd9ed6-76e8-4106-bfb7-14355133ed66', 'method': 'ARE_LIVECHAT_AGENTS_ONLINE'}",617,"{'areAgentsOnline': True, 'is_success': True}"
9a9df2d4-579d-44e7-85b2-bf145ef41226,08fd0ad8-b8bd-4c6d-a1bf-c381dbe24b4d,174,"{'nluEngineVersion': '65d388268f9c81a5fb065f9cf8445d04396053ce urmc-f8af18fcbc10a021a6068c79edd3e93f', 'request': {'bot_key': 'urmc', 'data': {'default_queue_id': None, 'queue_name': 'Urology'}, 'integration_id': 'e4dd9ed6-76e8-4106-bfb7-14355133ed66', 'method': 'ARE_LIVECHAT_AGENTS_ONLINE'}, 'requestLatency': 772, 'response': {'areAgentsOnline': True, 'is_success': True}}",66fd72b44a29b75ae498c4fa,2024-10-02 19:20:04.650,INTEGRATION_REQUEST_RESULT,65d388268f9c81a5fb065f9cf8445d04396053ce urmc-f8af18fcbc10a021a6068c79edd3e93f,"{'bot_key': 'urmc', 'data': {'default_queue_id': None, 'queue_name': 'Urology'}, 'integration_id': 'e4dd9ed6-76e8-4106-bfb7-14355133ed66', 'method': 'ARE_LIVECHAT_AGENTS_ONLINE'}",772,"{'areAgentsOnline': True, 'is_success': True}"
0d6d27ef-c591-4c4a-91fd-654092577cae,08fd0ad8-b8bd-4c6d-a1bf-c381dbe24b4d,65,"{'nluEngineVersion': 'bf0fa48f613fdf0b2793c9372faf42e8bb3aa883 urmc-89d910f65fcc8f771e58593cb7e0ce9d', 'request': {'bot_key': 'urmc', 'data': {'default_queue_id': None, 'queue_name': 'Urology'}, 'integration_id': 'e4dd9ed6-76e8-4106-bfb7-14355133ed66', 'method': 'ARE_LIVECHAT_AGENTS_ONLINE'}, 'requestLatency': 828, 'response': {'areAgentsOnline': True, 'is_success': True}}",670d49b18790e7f88c2757cf,2024-10-14 19:41:21.255,INTEGRATION_REQUEST_RESULT,bf0fa48f613fdf0b2793c9372faf42e8bb3aa883 urmc-89d910f65fcc8f771e58593cb7e0ce9d,"{'bot_key': 'urmc', 'data': {'default_queue_id': None, 'queue_name': 'Urology'}, 'integration_id': 'e4dd9ed6-76e8-4106-bfb7-14355133ed66', 'method': 'ARE_LIVECHAT_AGENTS_ONLINE'}",828,"{'areAgentsOnline': True, 'is_success': True}"
acfe2922-4449-4367-81b6-6a2b55a72e29,08fd0ad8-b8bd-4c6d-a1bf-c381dbe24b4d,45,"{'nluEngineVersion': 'bf0fa48f613fdf0b2793c9372faf42e8bb3aa883 urmc-89d910f65fcc8f771e58593cb7e0ce9d', 'request': {'bot_key': 'urmc', 'data': {'default_queue_id': None, 'queue_name': 'Urology'}, 'integration_id': 'e4dd9ed6-76e8-4106-bfb7-14355133ed66', 'method': 'ARE_LIVECHAT_AGENTS_ONLINE'}, 'requestLatency': 486, 'response': {'areAgentsOnline': True, 'is_success': True}}",670d46b78790e7f88c273049,2024-10-14 19:28:39.975,INTEGRATION_REQUEST_RESULT,bf0fa48f613fdf0b2793c9372faf42e8bb3aa883 urmc-89d910f65fcc8f771e58593cb7e0ce9d,"{'bot_key': 'urmc', 'data': {'default_queue_id': None, 'queue_name': 'Urology'}, 'integration_id': 'e4dd9ed6-76e8-4106-bfb7-14355133ed66', 'method': 'ARE_LIVECHAT_AGENTS_ONLINE'}",486,"{'areAgentsOnline': True, 'is_success': True}"
70a8a5ee-e5a0-4ecf-bb47-f04d5d51f1aa,08fd0ad8-b8bd-4c6d-a1bf-c381dbe24b4d,33,"{'nluEngineVersion': '8307155cd3fb198077acd99ef4a2e834c23ed71f urmc-89d910f65fcc8f771e58593cb7e0ce9d', 'request': {'bot_key': 'urmc', 'data': {'default_queue_id': None, 'queue_name': 'Urology'}, 'integration_id': 'e4dd9ed6-76e8-4106-bfb7-14355133ed66', 'method': 'ARE_LIVECHAT_AGENTS_ONLINE'}, 'requestLatency': 624, 'response': {'areAgentsOnline': True, 'is_success': True}}",670d5a178790e7f88c2844f1,2024-10-14 20:51:19.462,INTEGRATION_REQUEST_RESULT,8307155cd3fb198077acd99ef4a2e834c23ed71f urmc-89d910f65fcc8f771e58593cb7e0ce9d,"{'bot_key': 'urmc', 'data': {'default_queue_id': None, 'queue_name': 'Urology'}, 'integration_id': 'e4dd9ed6-76e8-4106-bfb7-14355133ed66', 'method': 'ARE_LIVECHAT_AGENTS_ONLINE'}",624,"{'areAgentsOnline': True, 'is_success': True}"
67d55272-7a89-478a-8104-40f533d9321d,08fd0ad8-b8bd-4c6d-a1bf-c381dbe24b4d,30,"{'nluEngineVersion': '0668b4298420020a85dadd5a28482c463c374e23 urmc-d7b76ab58052fc65932cbb27caa4ced2', 'request': {'bot_key': 'urmc', 'data': {'default_queue_id': None, 'queue_name': 'Urology'}, 'integration_id': 'e4dd9ed6-76e8-4106-bfb7-14355133ed66', 'method': 'ARE_LIVECHAT_AGENTS_ONLINE'}, 'requestLatency': 524, 'response': {'areAgentsOnline': True, 'is_success': True}}",670ea73ac6d56ea4415eb9b2,2024-10-15 20:32:42.475,INTEGRATION_REQUEST_RESULT,0668b4298420020a85dadd5a28482c463c374e23 urmc-d7b76ab58052fc65932cbb27caa4ced2,"{'bot_key': 'urmc', 'data': {'default_queue_id': None, 'queue_name': 'Urology'}, 'integration_id': 'e4dd9ed6-76e8-4106-bfb7-14355133ed66', 'method': 'ARE_LIVECHAT_AGENTS_ONLINE'}",524,"{'areAgentsOnline': True, 'is_success': True}"
42f90345-2fd6-4c99-8ea8-28175bbf03c6,08fd0ad8-b8bd-4c6d-a1bf-c381dbe24b4d,32,"{'nluEngineVersion': '0668b4298420020a85dadd5a28482c463c374e23 urmc-d7b76ab58052fc65932cbb27caa4ced2', 'request': {'bot_key': 'urmc', 'data': {'default_queue_id': None, 'queue_name': 'Urology'}, 'integration_id': 'e4dd9ed6-76e8-4106-bfb7-14355133ed66', 'method': 'ARE_LIVECHAT_AGENTS_ONLINE'}, 'requestLatency': 838, 'response': {'areAgentsOnline': True, 'is_success': True}}",670e733b8529bdd288bb9674,2024-10-15 16:50:51.353,INTEGRATION_REQUEST_RESULT,0668b4298420020a85dadd5a28482c463c374e23 urmc-d7b76ab58052fc65932cbb27caa4ced2,"{'bot_key': 'urmc', 'data': {'default_queue_id': None, 'queue_name': 'Urology'}, 'integration_id': 'e4dd9ed6-76e8-4106-bfb7-14355133ed66', 'method': 'ARE_LIVECHAT_AGENTS_ONLINE'}",838,"{'areAgentsOnline': True, 'is_success': True}"
cc946338-834b-4acc-99c0-16d533479445,08fd0ad8-b8bd-4c6d-a1bf-c381dbe24b4d,30,"{'nluEngineVersion': '0668b4298420020a85dadd5a28482c463c374e23 urmc-d7b76ab58052fc65932cbb27caa4ced2', 'request': {'bot_key': 'urmc', 'data': {'default_queue_id': None, 'queue_name': 'Urology'}, 'integration_id': 'e4dd9ed6-76e8-4106-bfb7-14355133ed66', 'method': 'ARE_LIVECHAT_AGENTS_ONLINE'}, 'requestLatency': 914, 'response': {'areAgentsOnline': True, 'is_success': True}}",670ea300c6d56ea4415e72ff,2024-10-15 20:14:40.965,INTEGRATION_REQUEST_RESULT,0668b4298420020a85dadd5a28482c463c374e23 urmc-d7b76ab58052fc65932cbb27caa4ced2,"{'bot_key': 'urmc', 'data': {'default_queue_id': None, 'queue_name': 'Urology'}, 'integration_id': 'e4dd9ed6-76e8-4106-bfb7-14355133ed66', 'method': 'ARE_LIVECHAT_AGENTS_ONLINE'}",914,"{'areAgentsOnline': True, 'is_success': True}"
9a1d2109-189a-45b4-acaf-b5cfbf3d9b1f,08fd0ad8-b8bd-4c6d-a1bf-c381dbe24b4d,30,"{'nluEngineVersion': '6ea939c99252fd8d2b84582660f85fe69c4a6877 urmc-d7b76ab58052fc65932cbb27caa4ced2', 'request': {'bot_key': 'urmc', 'data': {'default_queue_id': None, 'queue_name': 'Urology'}, 'integration_id': 'e4dd9ed6-76e8-4106-bfb7-14355133ed66', 'method': 'ARE_LIVECHAT_AGENTS_ONLINE'}, 'requestLatency': 987, 'response': {'areAgentsOnline': True, 'is_success': True}}",670ebbb5c6d56ea4415fce49,2024-10-15 22:00:05.246,INTEGRATION_REQUEST_RESULT,6ea939c99252fd8d2b84582660f85fe69c4a6877 urmc-d7b76ab58052fc65932cbb27caa4ced2,"{'bot_key': 'urmc', 'data': {'default_queue_id': None, 'queue_name': 'Urology'}, 'integration_id': 'e4dd9ed6-76e8-4106-bfb7-14355133ed66', 'method': 'ARE_LIVECHAT_AGENTS_ONLINE'}",987,"{'areAgentsOnline': True, 'is_success': True}"
be6a22e7-3d06-4237-afce-c3ea88c1c466,08fd0ad8-b8bd-4c6d-a1bf-c381dbe24b4d,37,"{'nluEngineVersion': '6ea939c99252fd8d2b84582660f85fe69c4a6877 urmc-d7b76ab58052fc65932cbb27caa4ced2', 'request': {'bot_key': 'urmc', 'data': {'default_queue_id': None, 'queue_name': 'Urology'}, 'integration_id': 'e4dd9ed6-76e8-4106-bfb7-14355133ed66', 'method': 'ARE_LIVECHAT_AGENTS_ONLINE'}, 'requestLatency': 587, 'response': {'areAgentsOnline': True, 'is_success': True}}",670ec6ee4031c12e658e6c4e,2024-10-15 22:47:58.198,INTEGRATION_REQUEST_RESULT,6ea939c99252fd8d2b84582660f85fe69c4a6877 urmc-d7b76ab58052fc65932cbb27caa4ced2,"{'bot_key': 'urmc', 'data': {'default_queue_id': None, 'queue_name': 'Urology'}, 'integration_id': 'e4dd9ed6-76e8-4106-bfb7-14355133ed66', 'method': 'ARE_LIVECHAT_AGENTS_ONLINE'}",587,"{'areAgentsOnline': True, 'is_success': True}"
b5199ff7-d026-4679-aaf5-694b6c598d9f,08fd0ad8-b8bd-4c6d-a1bf-c381dbe24b4d,93,"{'nluEngineVersion': '0668b4298420020a85dadd5a28482c463c374e23 urmc-d7b76ab58052fc65932cbb27caa4ced2', 'request': {'bot_key': 'urmc', 'data': {'default_queue_id': None, 'queue_name': 'Urology'}, 'integration_id': 'e4dd9ed6-76e8-4106-bfb7-14355133ed66', 'method': 'ARE_LIVECHAT_AGENTS_ONLINE'}, 'requestLatency': 614, 'response': {'areAgentsOnline': True, 'is_success': True}}",670e85d1c6d56ea4415cb9e0,2024-10-15 18:10:09.901,INTEGRATION_REQUEST_RESULT,0668b4298420020a85dadd5a28482c463c374e23 urmc-d7b76ab58052fc65932cbb27caa4ced2,"{'bot_key': 'urmc', 'data': {'default_queue_id': None, 'queue_name': 'Urology'}, 'integration_id': 'e4dd9ed6-76e8-4106-bfb7-14355133ed66', 'method': 'ARE_LIVECHAT_AGENTS_ONLINE'}",614,"{'areAgentsOnline': True, 'is_success': True}"
f9025793-df3c-4d4e-b9ed-2dd15a337251,08fd0ad8-b8bd-4c6d-a1bf-c381dbe24b4d,36,"{'nluEngineVersion': 'a6f109567b9d330e351f52437db72c06ebe694f2 urmc-f95578ec092932482f95a0d3fdaedaa8', 'request': {'bot_key': 'urmc', 'data': {'default_queue_id': None, 'queue_name': 'Air'}, 'integration_id': 'e4dd9ed6-76e8-4106-bfb7-14355133ed66', 'method': 'ARE_LIVECHAT_AGENTS_ONLINE'}, 'requestLatency': 481, 'response': {'areAgentsOnline': True, 'is_success': True}}",67054b0d4f3c05168c76e477,2024-10-08 18:09:01.429,INTEGRATION_REQUEST_RESULT,a6f109567b9d330e351f52437db72c06ebe694f2 urmc-f95578ec092932482f95a0d3fdaedaa8,"{'bot_key': 'urmc', 'data': {'default_queue_id': None, 'queue_name': 'Air'}, 'integration_id': 'e4dd9ed6-76e8-4106-bfb7-14355133ed66', 'method': 'ARE_LIVECHAT_AGENTS_ONLINE'}",481,"{'areAgentsOnline': True, 'is_success': True}"
3e7519e6-f5ad-4c54-81c8-8fc6ddc3dd1d,08fd0ad8-b8bd-4c6d-a1bf-c381dbe24b4d,53,"{'nluEngineVersion': 'a6f109567b9d330e351f52437db72c06ebe694f2 urmc-f95578ec092932482f95a0d3fdaedaa8', 'request': {'bot_key': 'urmc', 'data': {'default_queue_id': None, 'queue_name': 'Urology'}, 'integration_id': 'e4dd9ed6-76e8-4106-bfb7-14355133ed66', 'method': 'ARE_LIVECHAT_AGENTS_ONLINE'}, 'requestLatency': 491, 'response': {'areAgentsOnline': True, 'is_success': True}}",670553417673c82f42662129,2024-10-08 18:44:01.038,INTEGRATION_REQUEST_RESULT,a6f109567b9d330e351f52437db72c06ebe694f2 urmc-f95578ec092932482f95a0d3fdaedaa8,"{'bot_key': 'urmc', 'data': {'default_queue_id': None, 'queue_name': 'Urology'}, 'integration_id': 'e4dd9ed6-76e8-4106-bfb7-14355133ed66', 'method': 'ARE_LIVECHAT_AGENTS_ONLINE'}",491,"{'areAgentsOnline': True, 'is_success': True}"
8a0cda1f-5b2f-4ca5-80b6-b6af3f19b1c3,08fd0ad8-b8bd-4c6d-a1bf-c381dbe24b4d,44,"{'nluEngineVersion': 'a6f109567b9d330e351f52437db72c06ebe694f2 urmc-f95578ec092932482f95a0d3fdaedaa8', 'request': {'bot_key': 'urmc', 'data': {'default_queue_id': None, 'queue_name': 'Urology'}, 'integration_id': 'e4dd9ed6-76e8-4106-bfb7-14355133ed66', 'method': 'ARE_LIVECHAT_AGENTS_ONLINE'}, 'requestLatency': 1045, 'response': {'areAgentsOnline': True, 'is_success': True}}",67054d0914519701d6ddadb4,2024-10-08 18:17:29.556,INTEGRATION_REQUEST_RESULT,a6f109567b9d330e351f52437db72c06ebe694f2 urmc-f95578ec092932482f95a0d3fdaedaa8,"{'bot_key': 'urmc', 'data': {'default_queue_id': None, 'queue_name': 'Urology'}, 'integration_id': 'e4dd9ed6-76e8-4106-bfb7-14355133ed66', 'method': 'ARE_LIVECHAT_AGENTS_ONLINE'}",1045,"{'areAgentsOnline': True, 'is_success': True}"
30d5a0a2-6ab6-4bb9-9fd7-21df54c79301,08fd0ad8-b8bd-4c6d-a1bf-c381dbe24b4d,40,"{'nluEngineVersion': 'a6f109567b9d330e351f52437db72c06ebe694f2 urmc-f95578ec092932482f95a0d3fdaedaa8', 'request': {'bot_key': 'urmc', 'data': {'default_queue_id': None, 'queue_name': 'Urology'}, 'integration_id': 'e4dd9ed6-76e8-4106-bfb7-14355133ed66', 'method': 'ARE_LIVECHAT_AGENTS_ONLINE'}, 'requestLatency': 623, 'response': {'areAgentsOnline': True, 'is_success': True}}",670575c84f3c05168c798969,2024-10-08 21:11:20.423,INTEGRATION_REQUEST_RESULT,a6f109567b9d330e351f52437db72c06ebe694f2 urmc-f95578ec092932482f95a0d3fdaedaa8,"{'bot_key': 'urmc', 'data': {'default_queue_id': None, 'queue_name': 'Urology'}, 'integration_id': 'e4dd9ed6-76e8-4106-bfb7-14355133ed66', 'method': 'ARE_LIVECHAT_AGENTS_ONLINE'}",623,"{'areAgentsOnline': True, 'is_success': True}"
db0e6c8a-410d-4b73-abbf-84d1f7cf141c,08fd0ad8-b8bd-4c6d-a1bf-c381dbe24b4d,37,"{'nluEngineVersion': 'a6f109567b9d330e351f52437db72c06ebe694f2 urmc-f95578ec092932482f95a0d3fdaedaa8', 'request': {'bot_key': 'urmc', 'data': {'default_queue_id': None, 'queue_name': 'Urology'}, 'integration_id': 'e4dd9ed6-76e8-4106-bfb7-14355133ed66', 'method': 'ARE_LIVECHAT_AGENTS_ONLINE'}, 'requestLatency': 632, 'response': {'areAgentsOnline': True, 'is_success': True}}",6705873b0f278e6ab116fc01,2024-10-08 22:25:47.505,INTEGRATION_REQUEST_RESULT,a6f109567b9d330e351f52437db72c06ebe694f2 urmc-f95578ec092932482f95a0d3fdaedaa8,"{'bot_key': 'urmc', 'data': {'default_queue_id': None, 'queue_name': 'Urology'}, 'integration_id': 'e4dd9ed6-76e8-4106-bfb7-14355133ed66', 'method': 'ARE_LIVECHAT_AGENTS_ONLINE'}",632,"{'areAgentsOnline': True, 'is_success': True}"
09563bfb-8e66-4a75-8439-cdff94ef3afa,08fd0ad8-b8bd-4c6d-a1bf-c381dbe24b4d,107,"{'nluEngineVersion': 'a6f109567b9d330e351f52437db72c06ebe694f2 urmc-f95578ec092932482f95a0d3fdaedaa8', 'request': {'bot_key': 'urmc', 'data': {'default_queue_id': None, 'queue_name': 'Urology'}, 'integration_id': 'e4dd9ed6-76e8-4106-bfb7-14355133ed66', 'method': 'ARE_LIVECHAT_AGENTS_ONLINE'}, 'requestLatency': 481, 'response': {'areAgentsOnline': True, 'is_success': True}}",67057ffc7673c82f4268d502,2024-10-08 21:54:52.775,INTEGRATION_REQUEST_RESULT,a6f109567b9d330e351f52437db72c06ebe694f2 urmc-f95578ec092932482f95a0d3fdaedaa8,"{'bot_key': 'urmc', 'data': {'default_queue_id': None, 'queue_name': 'Urology'}, 'integration_id': 'e4dd9ed6-76e8-4106-bfb7-14355133ed66', 'method': 'ARE_LIVECHAT_AGENTS_ONLINE'}",481,"{'areAgentsOnline': True, 'is_success': True}"
ff3bc71f-5103-4fb6-8e4d-720fda321e96,08fd0ad8-b8bd-4c6d-a1bf-c381dbe24b4d,43,"{'nluEngineVersion': 'a6f109567b9d330e351f52437db72c06ebe694f2 urmc-f95578ec092932482f95a0d3fdaedaa8', 'request': {'bot_key': 'urmc', 'data': {'default_queue_id': None, 'queue_name': 'Urology'}, 'integration_id': 'e4dd9ed6-76e8-4106-bfb7-14355133ed66', 'method': 'ARE_LIVECHAT_AGENTS_ONLINE'}, 'requestLatency': 378, 'response': {'areAgentsOnline': True, 'is_success': True}}",67054c854f3c05168c76fe72,2024-10-08 18:15:17.574,INTEGRATION_REQUEST_RESULT,a6f109567b9d330e351f52437db72c06ebe694f2 urmc-f95578ec092932482f95a0d3fdaedaa8,"{'bot_key': 'urmc', 'data': {'default_queue_id': None, 'queue_name': 'Urology'}, 'integration_id': 'e4dd9ed6-76e8-4106-bfb7-14355133ed66', 'method': 'ARE_LIVECHAT_AGENTS_ONLINE'}",378,"{'areAgentsOnline': True, 'is_success': True}"
0d856495-0e84-4650-afeb-62169821d435,08fd0ad8-b8bd-4c6d-a1bf-c381dbe24b4d,37,"{'nluEngineVersion': 'a6f109567b9d330e351f52437db72c06ebe694f2 urmc-f95578ec092932482f95a0d3fdaedaa8', 'request': {'bot_key': 'urmc', 'data': {'default_queue_id': None, 'queue_name': 'Air'}, 'integration_id': 'e4dd9ed6-76e8-4106-bfb7-14355133ed66', 'method': 'ARE_LIVECHAT_AGENTS_ONLINE'}, 'requestLatency': 562, 'response': {'areAgentsOnline': True, 'is_success': True}}",67056e757673c82f4267c8cf,2024-10-08 20:40:05.039,INTEGRATION_REQUEST_RESULT,a6f109567b9d330e351f52437db72c06ebe694f2 urmc-f95578ec092932482f95a0d3fdaedaa8,"{'bot_key': 'urmc', 'data': {'default_queue_id': None, 'queue_name': 'Air'}, 'integration_id': 'e4dd9ed6-76e8-4106-bfb7-14355133ed66', 'method': 'ARE_LIVECHAT_AGENTS_ONLINE'}",562,"{'areAgentsOnline': True, 'is_success': True}"
c6be77db-0c7f-43a7-8780-6d8ecb10e86b,08fd0ad8-b8bd-4c6d-a1bf-c381dbe24b4d,30,"{'nluEngineVersion': 'e04547ebabc1ce823670359ac9eb2f882eac7a1c urmc-0bbf8416e2dffb4d5af60416f6e94ed5', 'request': {'bot_key': 'urmc', 'data': {'default_queue_id': None, 'queue_name': 'Urology'}, 'integration_id': 'e4dd9ed6-76e8-4106-bfb7-14355133ed66', 'method': 'ARE_LIVECHAT_AGENTS_ONLINE'}, 'requestLatency': 812, 'response': {'areAgentsOnline': True, 'is_success': True}}",6706d73214519701d6f02416,2024-10-09 22:19:14.517,INTEGRATION_REQUEST_RESULT,e04547ebabc1ce823670359ac9eb2f882eac7a1c urmc-0bbf8416e2dffb4d5af60416f6e94ed5,"{'bot_key': 'urmc', 'data': {'default_queue_id': None, 'queue_name': 'Urology'}, 'integration_id': 'e4dd9ed6-76e8-4106-bfb7-14355133ed66', 'method': 'ARE_LIVECHAT_AGENTS_ONLINE'}",812,"{'areAgentsOnline': True, 'is_success': True}"
7824d52f-b8d4-4faf-9c0b-b4a4536affbf,08fd0ad8-b8bd-4c6d-a1bf-c381dbe24b4d,43,"{'nluEngineVersion': '9fa39a7450e451c50af6cd065449a16961ff1eff urmc-0bbf8416e2dffb4d5af60416f6e94ed5', 'request': {'bot_key': 'urmc', 'data': {'default_queue_id': None, 'queue_name': 'Urology'}, 'integration_id': 'e4dd9ed6-76e8-4106-bfb7-14355133ed66', 'method': 'ARE_LIVECHAT_AGENTS_ONLINE'}, 'requestLatency': 593, 'response': {'areAgentsOnline': True, 'is_success': True}}",670679d814519701d6ea711c,2024-10-09 15:40:56.077,INTEGRATION_REQUEST_RESULT,9fa39a7450e451c50af6cd065449a16961ff1eff urmc-0bbf8416e2dffb4d5af60416f6e94ed5,"{'bot_key': 'urmc', 'data': {'default_queue_id': None, 'queue_name': 'Urology'}, 'integration_id': 'e4dd9ed6-76e8-4106-bfb7-14355133ed66', 'method': 'ARE_LIVECHAT_AGENTS_ONLINE'}",593,"{'areAgentsOnline': True, 'is_success': True}"
b0a095a0-9a72-4cdb-884d-c065eafb3a54,08fd0ad8-b8bd-4c6d-a1bf-c381dbe24b4d,72,"{'nluEngineVersion': '9fa39a7450e451c50af6cd065449a16961ff1eff urmc-0bbf8416e2dffb4d5af60416f6e94ed5', 'request': {'bot_key': 'urmc', 'data': {'default_queue_id': None, 'queue_name': 'Urology'}, 'integration_id': 'e4dd9ed6-76e8-4106-bfb7-14355133ed66', 'method': 'ARE_LIVECHAT_AGENTS_ONLINE'}, 'requestLatency': 706, 'response': {'areAgentsOnline': True, 'is_success': True}}",670683637673c82f42731f49,2024-10-09 16:21:39.405,INTEGRATION_REQUEST_RESULT,9fa39a7450e451c50af6cd065449a16961ff1eff urmc-0bbf8416e2dffb4d5af60416f6e94ed5,"{'bot_key': 'urmc', 'data': {'default_queue_id': None, 'queue_name': 'Urology'}, 'integration_id': 'e4dd9ed6-76e8-4106-bfb7-14355133ed66', 'method': 'ARE_LIVECHAT_AGENTS_ONLINE'}",706,"{'areAgentsOnline': True, 'is_success': True}"
228212a6-56b6-4f69-8037-5b21e71124ac,08fd0ad8-b8bd-4c6d-a1bf-c381dbe24b4d,51,"{'nluEngineVersion': 'e04547ebabc1ce823670359ac9eb2f882eac7a1c urmc-0bbf8416e2dffb4d5af60416f6e94ed5', 'request': {'bot_key': 'urmc', 'data': {'default_queue_id': None, 'queue_name': 'Urology'}, 'integration_id': 'e4dd9ed6-76e8-4106-bfb7-14355133ed66', 'method': 'ARE_LIVECHAT_AGENTS_ONLINE'}, 'requestLatency': 354, 'response': {'areAgentsOnline': True, 'is_success': True}}",6706cb6d9a99212463d12d0b,2024-10-09 21:29:01.602,INTEGRATION_REQUEST_RESULT,e04547ebabc1ce823670359ac9eb2f882eac7a1c urmc-0bbf8416e2dffb4d5af60416f6e94ed5,"{'bot_key': 'urmc', 'data': {'default_queue_id': None, 'queue_name': 'Urology'}, 'integration_id': 'e4dd9ed6-76e8-4106-bfb7-14355133ed66', 'method': 'ARE_LIVECHAT_AGENTS_ONLINE'}",354,"{'areAgentsOnline': True, 'is_success': True}"
bd0f17f9-67bc-4f2f-bb5b-2b7aff5a957c,08fd0ad8-b8bd-4c6d-a1bf-c381dbe24b4d,30,"{'nluEngineVersion': '7c8aa7cf05639bb2edb7c225a6aa00c85537c812 urmc-b36d458c4b00d2be35abe2d4d99f8ef6', 'request': {'bot_key': 'urmc', 'data': {'default_queue_id': None, 'queue_name': 'Urology'}, 'integration_id': 'e4dd9ed6-76e8-4106-bfb7-14355133ed66', 'method': 'ARE_LIVECHAT_AGENTS_ONLINE'}, 'requestLatency': 574, 'response': {'areAgentsOnline': True, 'is_success': True}}",670962c78b7dd681e934720a,2024-10-11 20:39:19.127,INTEGRATION_REQUEST_RESULT,7c8aa7cf05639bb2edb7c225a6aa00c85537c812 urmc-b36d458c4b00d2be35abe2d4d99f8ef6,"{'bot_key': 'urmc', 'data': {'default_queue_id': None, 'queue_name': 'Urology'}, 'integration_id': 'e4dd9ed6-76e8-4106-bfb7-14355133ed66', 'method': 'ARE_LIVECHAT_AGENTS_ONLINE'}",574,"{'areAgentsOnline': True, 'is_success': True}"
339bc342-cc30-4748-b3b5-c1172f3a2c86,08fd0ad8-b8bd-4c6d-a1bf-c381dbe24b4d,38,"{'nluEngineVersion': '7c8aa7cf05639bb2edb7c225a6aa00c85537c812 urmc-b36d458c4b00d2be35abe2d4d99f8ef6', 'request': {'bot_key': 'urmc', 'data': {'default_queue_id': None, 'queue_name': 'Urology'}, 'integration_id': 'e4dd9ed6-76e8-4106-bfb7-14355133ed66', 'method': 'ARE_LIVECHAT_AGENTS_ONLINE'}, 'requestLatency': 951, 'response': {'areAgentsOnline': True, 'is_success': True}}",670925f926d0feb902ccb883,2024-10-11 16:19:53.391,INTEGRATION_REQUEST_RESULT,7c8aa7cf05639bb2edb7c225a6aa00c85537c812 urmc-b36d458c4b00d2be35abe2d4d99f8ef6,"{'bot_key': 'urmc', 'data': {'default_queue_id': None, 'queue_name': 'Urology'}, 'integration_id': 'e4dd9ed6-76e8-4106-bfb7-14355133ed66', 'method': 'ARE_LIVECHAT_AGENTS_ONLINE'}",951,"{'areAgentsOnline': True, 'is_success': True}"
16ebf895-cf39-4e99-bab2-595c640a12b9,08fd0ad8-b8bd-4c6d-a1bf-c381dbe24b4d,40,"{'nluEngineVersion': '65d388268f9c81a5fb065f9cf8445d04396053ce urmc-480f4182e6c89e0232888471a5937803', 'request': {'bot_key': 'urmc', 'data': {'default_queue_id': None, 'queue_name': 'Urology'}, 'integration_id': 'e4dd9ed6-76e8-4106-bfb7-14355133ed66', 'method': 'ARE_LIVECHAT_AGENTS_ONLINE'}, 'requestLatency': 364, 'response': {'areAgentsOnline': True, 'is_success': True}}",67003e22da6a1c14832404a1,2024-10-04 22:12:34.555,INTEGRATION_REQUEST_RESULT,65d388268f9c81a5fb065f9cf8445d04396053ce urmc-480f4182e6c89e0232888471a5937803,"{'bot_key': 'urmc', 'data': {'default_queue_id': None, 'queue_name': 'Urology'}, 'integration_id': 'e4dd9ed6-76e8-4106-bfb7-14355133ed66', 'method': 'ARE_LIVECHAT_AGENTS_ONLINE'}",364,"{'areAgentsOnline': True, 'is_success': True}"
23b6e26f-c93c-408b-8977-bc6cba8d5805,08fd0ad8-b8bd-4c6d-a1bf-c381dbe24b4d,88,"{'nluEngineVersion': '65d388268f9c81a5fb065f9cf8445d04396053ce urmc-480f4182e6c89e0232888471a5937803', 'request': {'bot_key': 'urmc', 'data': {'default_queue_id': None, 'queue_name': 'Urology'}, 'integration_id': 'e4dd9ed6-76e8-4106-bfb7-14355133ed66', 'method': 'ARE_LIVECHAT_AGENTS_ONLINE'}, 'requestLatency': 669, 'response': {'areAgentsOnline': True, 'is_success': True}}",66fff7ecce37c37834a809d4,2024-10-04 17:13:00.922,INTEGRATION_REQUEST_RESULT,65d388268f9c81a5fb065f9cf8445d04396053ce urmc-480f4182e6c89e0232888471a5937803,"{'bot_key': 'urmc', 'data': {'default_queue_id': None, 'queue_name': 'Urology'}, 'integration_id': 'e4dd9ed6-76e8-4106-bfb7-14355133ed66', 'method': 'ARE_LIVECHAT_AGENTS_ONLINE'}",669,"{'areAgentsOnline': True, 'is_success': True}"
4bca2520-0c38-4b61-a01a-0fd0d7b1c173,08fd0ad8-b8bd-4c6d-a1bf-c381dbe24b4d,112,"{'nluEngineVersion': '65d388268f9c81a5fb065f9cf8445d04396053ce urmc-480f4182e6c89e0232888471a5937803', 'request': {'bot_key': 'urmc', 'data': {'default_queue_id': None, 'queue_name': 'Air'}, 'integration_id': 'e4dd9ed6-76e8-4106-bfb7-14355133ed66', 'method': 'ARE_LIVECHAT_AGENTS_ONLINE'}, 'requestLatency': 682, 'response': {'areAgentsOnline': True, 'is_success': True}}",67002cf4fd4c301deb1c981a,2024-10-04 20:59:16.660,INTEGRATION_REQUEST_RESULT,65d388268f9c81a5fb065f9cf8445d04396053ce urmc-480f4182e6c89e0232888471a5937803,"{'bot_key': 'urmc', 'data': {'default_queue_id': None, 'queue_name': 'Air'}, 'integration_id': 'e4dd9ed6-76e8-4106-bfb7-14355133ed66', 'method': 'ARE_LIVECHAT_AGENTS_ONLINE'}",682,"{'areAgentsOnline': True, 'is_success': True}"
