CONVERSATION_ID,ASSISTANT_ID,EVENT_POSITION,eventData,eventId,timestamp,typeOfEvent,botKey,data,integrationId,method,nluEngineVersion,requestLatency
5d0c9f7d-f96e-45ad-a0e7-06975ff5965a,08fd0ad8-b8bd-4c6d-a1bf-c381dbe24b4d,64,"{'botKey': 'urmc', 'data': {'defaultQueueId': None, 'query': {}, 'queueName': 'Urology'}, 'integrationId': 'e4dd9ed6-76e8-4106-bfb7-14355133ed66', 'method': 'ARE_LIVECHAT_AGENTS_ONLINE', 'nluEngineVersion': 'e04547ebabc1ce823670359ac9eb2f882eac7a1c urmc-0bbf8416e2dffb4d5af60416f6e94ed5', 'requestLatency': 291}",6706de3414519701d6f08a93,2024-10-09 22:49:08.637,INTEGRATION_SERVER_REQUEST,urmc,"{'defaultQueueId': None, 'query': {}, 'queueName': 'Urology'}",e4dd9ed6-76e8-4106-bfb7-14355133ed66,ARE_LIVECHAT_AGENTS_ONLINE,e04547ebabc1ce823670359ac9eb2f882eac7a1c urmc-0bbf8416e2dffb4d5af60416f6e94ed5,291
7cdfb076-b0d3-43e7-89ef-1313104f1bdb,08fd0ad8-b8bd-4c6d-a1bf-c381dbe24b4d,54,"{'botKey': 'urmc', 'data': {'defaultQueueId': None, 'query': {}, 'queueName': 'Urology'}, 'integrationId': 'e4dd9ed6-76e8-4106-bfb7-14355133ed66', 'method': 'ARE_LIVECHAT_AGENTS_ONLINE', 'nluEngineVersion': '9fa39a7450e451c50af6cd065449a16961ff1eff urmc-0bbf8416e2dffb4d5af60416f6e94ed5', 'requestLatency': 476}",67067d5e7673c82f4272c9a8,2024-10-09 15:55:58.121,INTEGRATION_SERVER_REQUEST,urmc,"{'defaultQueueId': None, 'query': {}, 'queueName': 'Urology'}",e4dd9ed6-76e8-4106-bfb7-14355133ed66,ARE_LIVECHAT_AGENTS_ONLINE,9fa39a7450e451c50af6cd065449a16961ff1eff urmc-0bbf8416e2dffb4d5af60416f6e94ed5,476
b4774e52-b5c9-4153-961e-0639d7a88142,08fd0ad8-b8bd-4c6d-a1bf-c381dbe24b4d,68,"{'botKey': 'urmc', 'data': {'defaultQueueId': None, 'query': {}, 'queueName': 'Air'}, 'integrationId': 'e4dd9ed6-76e8-4106-bfb7-14355133ed66', 'method': 'ARE_LIVECHAT_AGENTS_ONLINE', 'nluEngineVersion': '9fa39a7450e451c50af6cd065449a16961ff1eff urmc-0bbf8416e2dffb4d5af60416f6e94ed5', 'requestLatency': 544}",67067cc114519701d6ea96cc,2024-10-09 15:53:21.381,INTEGRATION_SERVER_REQUEST,urmc,"{'defaultQueueId': None, 'query': {}, 'queueName': 'Air'}",e4dd9ed6-76e8-4106-bfb7-14355133ed66,ARE_LIVECHAT_AGENTS_ONLINE,9fa39a7450e451c50af6cd065449a16961ff1eff urmc-0bbf8416e2dffb4d5af60416f6e94ed5,544
b4774e52-b5c9-4153-961e-0639d7a88142,08fd0ad8-b8bd-4c6d-a1bf-c381dbe24b4d,350,"{'botKey': 'urmc', 'data': {'defaultQueueId': None, 'query': {}, 'queueName': 'Air'}, 'integrationId': 'e4dd9ed6-76e8-4106-bfb7-14355133ed66', 'method': 'ARE_LIVECHAT_AGENTS_ONLINE', 'nluEngineVersion': '9fa39a7450e451c50af6cd065449a16961ff1eff urmc-0bbf8416e2dffb4d5af60416f6e94ed5', 'requestLatency': 180}",670683b314519701d6eafa27,2024-10-09 16:22:59.357,INTEGRATION_SERVER_REQUEST,urmc,"{'defaultQueueId': None, 'query': {}, 'queueName': 'Air'}",e4dd9ed6-76e8-4106-bfb7-14355133ed66,ARE_LIVECHAT_AGENTS_ONLINE,9fa39a7450e451c50af6cd065449a16961ff1eff urmc-0bbf8416e2dffb4d5af60416f6e94ed5,180
b4774e52-b5c9-4153-961e-0639d7a88142,08fd0ad8-b8bd-4c6d-a1bf-c381dbe24b4d,354,"{'botKey': 'urmc', 'data': {'defaultQueueId': None, 'query': {}, 'queueName': 'Air'}, 'integrationId': 'e4dd9ed6-76e8-4106-bfb7-14355133ed66', 'method': 'ARE_LIVECHAT_AGENTS_ONLINE', 'nluEngineVersion': '9fa39a7450e451c50af6cd065449a16961ff1eff urmc-0bbf8416e2dffb4d5af60416f6e94ed5', 'requestLatency': 293}",670683b314519701d6eafa2b,2024-10-09 16:22:59.469,INTEGRATION_SERVER_REQUEST,urmc,"{'defaultQueueId': None, 'query': {}, 'queueName': 'Air'}",e4dd9ed6-76e8-4106-bfb7-14355133ed66,ARE_LIVECHAT_AGENTS_ONLINE,9fa39a7450e451c50af6cd065449a16961ff1eff urmc-0bbf8416e2dffb4d5af60416f6e94ed5,293
b4774e52-b5c9-4153-961e-0639d7a88142,08fd0ad8-b8bd-4c6d-a1bf-c381dbe24b4d,358,"{'botKey': 'urmc', 'data': {'defaultQueueId': None, 'query': {}, 'queueName': 'Air'}, 'integrationId': 'e4dd9ed6-76e8-4106-bfb7-14355133ed66', 'method': 'ARE_LIVECHAT_AGENTS_ONLINE', 'nluEngineVersion': '9fa39a7450e451c50af6cd065449a16961ff1eff urmc-0bbf8416e2dffb4d5af60416f6e94ed5', 'requestLatency': 296}",670683b314519701d6eafa2f,2024-10-09 16:22:59.473,INTEGRATION_SERVER_REQUEST,urmc,"{'defaultQueueId': None, 'query': {}, 'queueName': 'Air'}",e4dd9ed6-76e8-4106-bfb7-14355133ed66,ARE_LIVECHAT_AGENTS_ONLINE,9fa39a7450e451c50af6cd065449a16961ff1eff urmc-0bbf8416e2dffb4d5af60416f6e94ed5,296
b4774e52-b5c9-4153-961e-0639d7a88142,08fd0ad8-b8bd-4c6d-a1bf-c381dbe24b4d,442,"{'botKey': 'urmc', 'data': {'defaultQueueId': None, 'query': {}, 'queueName': 'Air'}, 'integrationId': 'e4dd9ed6-76e8-4106-bfb7-14355133ed66', 'method': 'ARE_LIVECHAT_AGENTS_ONLINE', 'nluEngineVersion': '9fa39a7450e451c50af6cd065449a16961ff1eff urmc-0bbf8416e2dffb4d5af60416f6e94ed5', 'requestLatency': 60}",670683bc14519701d6eafb11,2024-10-09 16:23:08.746,INTEGRATION_SERVER_REQUEST,urmc,"{'defaultQueueId': None, 'query': {}, 'queueName': 'Air'}",e4dd9ed6-76e8-4106-bfb7-14355133ed66,ARE_LIVECHAT_AGENTS_ONLINE,9fa39a7450e451c50af6cd065449a16961ff1eff urmc-0bbf8416e2dffb4d5af60416f6e94ed5,60
b4774e52-b5c9-4153-961e-0639d7a88142,08fd0ad8-b8bd-4c6d-a1bf-c381dbe24b4d,452,"{'botKey': 'urmc', 'data': {'defaultQueueId': None, 'query': {}, 'queueName': 'Air'}, 'integrationId': 'e4dd9ed6-76e8-4106-bfb7-14355133ed66', 'method': 'ARE_LIVECHAT_AGENTS_ONLINE', 'nluEngineVersion': '9fa39a7450e451c50af6cd065449a16961ff1eff urmc-0bbf8416e2dffb4d5af60416f6e94ed5', 'requestLatency': 133}",670683bc14519701d6eafb1e,2024-10-09 16:23:08.823,INTEGRATION_SERVER_REQUEST,urmc,"{'defaultQueueId': None, 'query': {}, 'queueName': 'Air'}",e4dd9ed6-76e8-4106-bfb7-14355133ed66,ARE_LIVECHAT_AGENTS_ONLINE,9fa39a7450e451c50af6cd065449a16961ff1eff urmc-0bbf8416e2dffb4d5af60416f6e94ed5,133
b4774e52-b5c9-4153-961e-0639d7a88142,08fd0ad8-b8bd-4c6d-a1bf-c381dbe24b4d,453,"{'botKey': 'urmc', 'data': {'defaultQueueId': None, 'query': {}, 'queueName': 'Air'}, 'integrationId': 'e4dd9ed6-76e8-4106-bfb7-14355133ed66', 'method': 'ARE_LIVECHAT_AGENTS_ONLINE', 'nluEngineVersion': '9fa39a7450e451c50af6cd065449a16961ff1eff urmc-0bbf8416e2dffb4d5af60416f6e94ed5', 'requestLatency': 133}",670683bc14519701d6eafb23,2024-10-09 16:23:08.823,INTEGRATION_SERVER_REQUEST,urmc,"{'defaultQueueId': None, 'query': {}, 'queueName': 'Air'}",e4dd9ed6-76e8-4106-bfb7-14355133ed66,ARE_LIVECHAT_AGENTS_ONLINE,9fa39a7450e451c50af6cd065449a16961ff1eff urmc-0bbf8416e2dffb4d5af60416f6e94ed5,133
fdb7d2b9-cd17-424e-801d-f0ec562fc792,08fd0ad8-b8bd-4c6d-a1bf-c381dbe24b4d,40,"{'botKey': 'urmc', 'data': {'defaultQueueId': None, 'query': {}, 'queueName': 'Urology'}, 'integrationId': 'e4dd9ed6-76e8-4106-bfb7-14355133ed66', 'method': 'ARE_LIVECHAT_AGENTS_ONLINE', 'nluEngineVersion': 'e04547ebabc1ce823670359ac9eb2f882eac7a1c urmc-0bbf8416e2dffb4d5af60416f6e94ed5', 'requestLatency': 578}",6706b729f480fd5383ab2e5b,2024-10-09 20:02:33.366,INTEGRATION_SERVER_REQUEST,urmc,"{'defaultQueueId': None, 'query': {}, 'queueName': 'Urology'}",e4dd9ed6-76e8-4106-bfb7-14355133ed66,ARE_LIVECHAT_AGENTS_ONLINE,e04547ebabc1ce823670359ac9eb2f882eac7a1c urmc-0bbf8416e2dffb4d5af60416f6e94ed5,578
85620fb5-605b-4788-a1ef-d518156d0ec4,08fd0ad8-b8bd-4c6d-a1bf-c381dbe24b4d,33,"{'botKey': 'urmc', 'data': {'defaultQueueId': None, 'query': {}, 'queueName': 'Urology'}, 'integrationId': 'e4dd9ed6-76e8-4106-bfb7-14355133ed66', 'method': 'ARE_LIVECHAT_AGENTS_ONLINE', 'nluEngineVersion': '9fa39a7450e451c50af6cd065449a16961ff1eff urmc-0bbf8416e2dffb4d5af60416f6e94ed5', 'requestLatency': 596}",670691479a99212463cd5e95,2024-10-09 17:20:55.559,INTEGRATION_SERVER_REQUEST,urmc,"{'defaultQueueId': None, 'query': {}, 'queueName': 'Urology'}",e4dd9ed6-76e8-4106-bfb7-14355133ed66,ARE_LIVECHAT_AGENTS_ONLINE,9fa39a7450e451c50af6cd065449a16961ff1eff urmc-0bbf8416e2dffb4d5af60416f6e94ed5,596
456219e6-98ae-42ec-9294-06576c993535,08fd0ad8-b8bd-4c6d-a1bf-c381dbe24b4d,44,"{'botKey': 'urmc', 'data': {'defaultQueueId': None, 'query': {}, 'queueName': 'Urology'}, 'integrationId': 'e4dd9ed6-76e8-4106-bfb7-14355133ed66', 'method': 'ARE_LIVECHAT_AGENTS_ONLINE', 'nluEngineVersion': 'e04547ebabc1ce823670359ac9eb2f882eac7a1c urmc-0bbf8416e2dffb4d5af60416f6e94ed5', 'requestLatency': 129}",6706c4907673c82f42773aa5,2024-10-09 20:59:44.100,INTEGRATION_SERVER_REQUEST,urmc,"{'defaultQueueId': None, 'query': {}, 'queueName': 'Urology'}",e4dd9ed6-76e8-4106-bfb7-14355133ed66,ARE_LIVECHAT_AGENTS_ONLINE,e04547ebabc1ce823670359ac9eb2f882eac7a1c urmc-0bbf8416e2dffb4d5af60416f6e94ed5,129
0dfce152-cf44-4df1-8574-450a64972014,08fd0ad8-b8bd-4c6d-a1bf-c381dbe24b4d,33,"{'botKey': 'urmc', 'data': {'defaultQueueId': None, 'query': {}, 'queueName': 'Urology'}, 'integrationId': 'e4dd9ed6-76e8-4106-bfb7-14355133ed66', 'method': 'ARE_LIVECHAT_AGENTS_ONLINE', 'nluEngineVersion': '65d388268f9c81a5fb065f9cf8445d04396053ce urmc-480f4182e6c89e0232888471a5937803', 'requestLatency': 173}",6700120755f202ce262192ef,2024-10-04 19:04:23.163,INTEGRATION_SERVER_REQUEST,urmc,"{'defaultQueueId': None, 'query': {}, 'queueName': 'Urology'}",e4dd9ed6-76e8-4106-bfb7-14355133ed66,ARE_LIVECHAT_AGENTS_ONLINE,65d388268f9c81a5fb065f9cf8445d04396053ce urmc-480f4182e6c89e0232888471a5937803,173
47db429f-a6dd-43c9-b15f-fd6152d7980a,08fd0ad8-b8bd-4c6d-a1bf-c381dbe24b4d,45,"{'botKey': 'urmc', 'data': {'defaultQueueId': None, 'query': {}, 'queueName': 'Urology'}, 'integrationId': 'e4dd9ed6-76e8-4106-bfb7-14355133ed66', 'method': 'ARE_LIVECHAT_AGENTS_ONLINE', 'nluEngineVersion': '65d388268f9c81a5fb065f9cf8445d04396053ce urmc-480f4182e6c89e0232888471a5937803', 'requestLatency': 470}",67003416da6a1c148323827f,2024-10-04 21:29:42.872,INTEGRATION_SERVER_REQUEST,urmc,"{'defaultQueueId': None, 'query': {}, 'queueName': 'Urology'}",e4dd9ed6-76e8-4106-bfb7-14355133ed66,ARE_LIVECHAT_AGENTS_ONLINE,65d388268f9c81a5fb065f9cf8445d04396053ce urmc-480f4182e6c89e0232888471a5937803,470
85fc1a40-5a42-44de-b182-79a4f17a2ee5,08fd0ad8-b8bd-4c6d-a1bf-c381dbe24b4d,26,"{'botKey': 'urmc', 'data': {'defaultQueueId': None, 'query': {}, 'queueName': 'Urology'}, 'integrationId': 'e4dd9ed6-76e8-4106-bfb7-14355133ed66', 'method': 'ARE_LIVECHAT_AGENTS_ONLINE', 'nluEngineVersion': '65d388268f9c81a5fb065f9cf8445d04396053ce urmc-6a3114572dffb9b823623fc3281cb224', 'requestLatency': 265}",66fd9fa24a29b75ae49b0b81,2024-10-02 22:31:46.256,INTEGRATION_SERVER_REQUEST,urmc,"{'defaultQueueId': None, 'query': {}, 'queueName': 'Urology'}",e4dd9ed6-76e8-4106-bfb7-14355133ed66,ARE_LIVECHAT_AGENTS_ONLINE,65d388268f9c81a5fb065f9cf8445d04396053ce urmc-6a3114572dffb9b823623fc3281cb224,265
618887fa-46c0-4f2c-930e-9e236f40a7a3,08fd0ad8-b8bd-4c6d-a1bf-c381dbe24b4d,26,"{'botKey': 'urmc', 'data': {'defaultQueueId': None, 'query': {}, 'queueName': 'Urology'}, 'integrationId': 'e4dd9ed6-76e8-4106-bfb7-14355133ed66', 'method': 'ARE_LIVECHAT_AGENTS_ONLINE', 'nluEngineVersion': '65d388268f9c81a5fb065f9cf8445d04396053ce urmc-480f4182e6c89e0232888471a5937803', 'requestLatency': 263}",67000438da6a1c148320d382,2024-10-04 18:05:28.980,INTEGRATION_SERVER_REQUEST,urmc,"{'defaultQueueId': None, 'query': {}, 'queueName': 'Urology'}",e4dd9ed6-76e8-4106-bfb7-14355133ed66,ARE_LIVECHAT_AGENTS_ONLINE,65d388268f9c81a5fb065f9cf8445d04396053ce urmc-480f4182e6c89e0232888471a5937803,263
5fb8d3c9-2e83-47b8-8e83-197f43011b23,08fd0ad8-b8bd-4c6d-a1bf-c381dbe24b4d,62,"{'botKey': 'urmc', 'data': {'defaultQueueId': None, 'query': {}, 'queueName': 'Air'}, 'integrationId': 'e4dd9ed6-76e8-4106-bfb7-14355133ed66', 'method': 'ARE_LIVECHAT_AGENTS_ONLINE', 'nluEngineVersion': '65d388268f9c81a5fb065f9cf8445d04396053ce urmc-480f4182e6c89e0232888471a5937803', 'requestLatency': 224}",67001548fd4c301deb1b577c,2024-10-04 19:18:16.198,INTEGRATION_SERVER_REQUEST,urmc,"{'defaultQueueId': None, 'query': {}, 'queueName': 'Air'}",e4dd9ed6-76e8-4106-bfb7-14355133ed66,ARE_LIVECHAT_AGENTS_ONLINE,65d388268f9c81a5fb065f9cf8445d04396053ce urmc-480f4182e6c89e0232888471a5937803,224
4bcc1275-cfd7-4f94-ae3e-5b91a50350c2,08fd0ad8-b8bd-4c6d-a1bf-c381dbe24b4d,30,"{'botKey': 'urmc', 'data': {'defaultQueueId': None, 'query': {}, 'queueName': 'Urology'}, 'integrationId': 'e4dd9ed6-76e8-4106-bfb7-14355133ed66', 'method': 'ARE_LIVECHAT_AGENTS_ONLINE', 'nluEngineVersion': '65d388268f9c81a5fb065f9cf8445d04396053ce urmc-6a3114572dffb9b823623fc3281cb224', 'requestLatency': 842}",66fd90e055f202ce2606b6d1,2024-10-02 21:28:48.673,INTEGRATION_SERVER_REQUEST,urmc,"{'defaultQueueId': None, 'query': {}, 'queueName': 'Urology'}",e4dd9ed6-76e8-4106-bfb7-14355133ed66,ARE_LIVECHAT_AGENTS_ONLINE,65d388268f9c81a5fb065f9cf8445d04396053ce urmc-6a3114572dffb9b823623fc3281cb224,842
8901081c-446c-440f-897f-93929f9e4813,08fd0ad8-b8bd-4c6d-a1bf-c381dbe24b4d,73,"{'botKey': 'urmc', 'data': {'defaultQueueId': None, 'query': {}, 'queueName': 'Urology'}, 'integrationId': 'e4dd9ed6-76e8-4106-bfb7-14355133ed66', 'method': 'ARE_LIVECHAT_AGENTS_ONLINE', 'nluEngineVersion': '65d388268f9c81a5fb065f9cf8445d04396053ce urmc-6a3114572dffb9b823623fc3281cb224', 'requestLatency': 277}",66fd9d894a29b75ae49aef04,2024-10-02 22:22:49.536,INTEGRATION_SERVER_REQUEST,urmc,"{'defaultQueueId': None, 'query': {}, 'queueName': 'Urology'}",e4dd9ed6-76e8-4106-bfb7-14355133ed66,ARE_LIVECHAT_AGENTS_ONLINE,65d388268f9c81a5fb065f9cf8445d04396053ce urmc-6a3114572dffb9b823623fc3281cb224,277
4fc4b1e3-0388-476a-87d4-925fdf22c23f,08fd0ad8-b8bd-4c6d-a1bf-c381dbe24b4d,44,"{'botKey': 'urmc', 'data': {'defaultQueueId': None, 'query': {}, 'queueName': 'Urology'}, 'integrationId': 'e4dd9ed6-76e8-4106-bfb7-14355133ed66', 'method': 'ARE_LIVECHAT_AGENTS_ONLINE', 'nluEngineVersion': '65d388268f9c81a5fb065f9cf8445d04396053ce urmc-6a3114572dffb9b823623fc3281cb224', 'requestLatency': 363}",66fd9eb955f202ce26075ccf,2024-10-02 22:27:53.956,INTEGRATION_SERVER_REQUEST,urmc,"{'defaultQueueId': None, 'query': {}, 'queueName': 'Urology'}",e4dd9ed6-76e8-4106-bfb7-14355133ed66,ARE_LIVECHAT_AGENTS_ONLINE,65d388268f9c81a5fb065f9cf8445d04396053ce urmc-6a3114572dffb9b823623fc3281cb224,363
2a19d0a2-65ad-4ea9-b72d-41f491995897,08fd0ad8-b8bd-4c6d-a1bf-c381dbe24b4d,37,"{'botKey': 'urmc', 'data': {'defaultQueueId': None, 'query': {}, 'queueName': 'Urology'}, 'integrationId': 'e4dd9ed6-76e8-4106-bfb7-14355133ed66', 'method': 'ARE_LIVECHAT_AGENTS_ONLINE', 'nluEngineVersion': '65d388268f9c81a5fb065f9cf8445d04396053ce urmc-f8af18fcbc10a021a6068c79edd3e93f', 'requestLatency': 215}",66fd534855f202ce26033fd2,2024-10-02 17:06:00.574,INTEGRATION_SERVER_REQUEST,urmc,"{'defaultQueueId': None, 'query': {}, 'queueName': 'Urology'}",e4dd9ed6-76e8-4106-bfb7-14355133ed66,ARE_LIVECHAT_AGENTS_ONLINE,65d388268f9c81a5fb065f9cf8445d04396053ce urmc-f8af18fcbc10a021a6068c79edd3e93f,215
0cf3f2b5-a7a0-499c-a1d8-f47936eae0c9,08fd0ad8-b8bd-4c6d-a1bf-c381dbe24b4d,57,"{'botKey': 'urmc', 'data': {'defaultQueueId': None, 'query': {}, 'queueName': 'Urology'}, 'integrationId': 'e4dd9ed6-76e8-4106-bfb7-14355133ed66', 'method': 'ARE_LIVECHAT_AGENTS_ONLINE', 'nluEngineVersion': '65d388268f9c81a5fb065f9cf8445d04396053ce urmc-f8af18fcbc10a021a6068c79edd3e93f', 'requestLatency': 203}",66fd742455f202ce26052ea2,2024-10-02 19:26:12.576,INTEGRATION_SERVER_REQUEST,urmc,"{'defaultQueueId': None, 'query': {}, 'queueName': 'Urology'}",e4dd9ed6-76e8-4106-bfb7-14355133ed66,ARE_LIVECHAT_AGENTS_ONLINE,65d388268f9c81a5fb065f9cf8445d04396053ce urmc-f8af18fcbc10a021a6068c79edd3e93f,203
03e5298e-1c3f-443c-91e6-0e124a883c85,08fd0ad8-b8bd-4c6d-a1bf-c381dbe24b4d,41,"{'botKey': 'urmc', 'data': {'defaultQueueId': None, 'query': {}, 'queueName': 'Urology'}, 'integrationId': 'e4dd9ed6-76e8-4106-bfb7-14355133ed66', 'method': 'ARE_LIVECHAT_AGENTS_ONLINE', 'nluEngineVersion': '65d388268f9c81a5fb065f9cf8445d04396053ce urmc-6a3114572dffb9b823623fc3281cb224', 'requestLatency': 185}",66fd8e5655f202ce2606931b,2024-10-02 21:17:58.215,INTEGRATION_SERVER_REQUEST,urmc,"{'defaultQueueId': None, 'query': {}, 'queueName': 'Urology'}",e4dd9ed6-76e8-4106-bfb7-14355133ed66,ARE_LIVECHAT_AGENTS_ONLINE,65d388268f9c81a5fb065f9cf8445d04396053ce urmc-6a3114572dffb9b823623fc3281cb224,185
018fca22-1115-4e34-bea5-c8e4c7b7b7c7,08fd0ad8-b8bd-4c6d-a1bf-c381dbe24b4d,128,"{'botKey': 'urmc', 'data': {'defaultQueueId': None, 'query': {}, 'queueName': 'Urology'}, 'integrationId': 'e4dd9ed6-76e8-4106-bfb7-14355133ed66', 'method': 'ARE_LIVECHAT_AGENTS_ONLINE', 'nluEngineVersion': 'e1540ef6ef90a451708d44b77b7f914b18c92060 urmc-5acc02dcce4ca96fa36dc5578ebacdc1', 'requestLatency': 268}",67081b988529bdd2887d0ce6,2024-10-10 21:23:20.651,INTEGRATION_SERVER_REQUEST,urmc,"{'defaultQueueId': None, 'query': {}, 'queueName': 'Urology'}",e4dd9ed6-76e8-4106-bfb7-14355133ed66,ARE_LIVECHAT_AGENTS_ONLINE,e1540ef6ef90a451708d44b77b7f914b18c92060 urmc-5acc02dcce4ca96fa36dc5578ebacdc1,268
6de42711-f810-41bd-aa0d-6d4acf9d6b49,08fd0ad8-b8bd-4c6d-a1bf-c381dbe24b4d,27,"{'botKey': 'urmc', 'data': {'defaultQueueId': None, 'query': {}, 'queueName': 'Air'}, 'integrationId': 'e4dd9ed6-76e8-4106-bfb7-14355133ed66', 'method': 'ARE_LIVECHAT_AGENTS_ONLINE', 'nluEngineVersion': 'e1540ef6ef90a451708d44b77b7f914b18c92060 urmc-5acc02dcce4ca96fa36dc5578ebacdc1', 'requestLatency': 743}",67082ae98529bdd2887de16f,2024-10-10 22:28:41.091,INTEGRATION_SERVER_REQUEST,urmc,"{'defaultQueueId': None, 'query': {}, 'queueName': 'Air'}",e4dd9ed6-76e8-4106-bfb7-14355133ed66,ARE_LIVECHAT_AGENTS_ONLINE,e1540ef6ef90a451708d44b77b7f914b18c92060 urmc-5acc02dcce4ca96fa36dc5578ebacdc1,743
f31ef72a-ca89-4069-aafc-d2fad1072a55,08fd0ad8-b8bd-4c6d-a1bf-c381dbe24b4d,26,"{'botKey': 'urmc', 'data': {'defaultQueueId': None, 'query': {}, 'queueName': 'Urology'}, 'integrationId': 'e4dd9ed6-76e8-4106-bfb7-14355133ed66', 'method': 'ARE_LIVECHAT_AGENTS_ONLINE', 'nluEngineVersion': 'e1540ef6ef90a451708d44b77b7f914b18c92060 urmc-5acc02dcce4ca96fa36dc5578ebacdc1', 'requestLatency': 548}",67082a6d8529bdd2887ddb01,2024-10-10 22:26:37.897,INTEGRATION_SERVER_REQUEST,urmc,"{'defaultQueueId': None, 'query': {}, 'queueName': 'Urology'}",e4dd9ed6-76e8-4106-bfb7-14355133ed66,ARE_LIVECHAT_AGENTS_ONLINE,e1540ef6ef90a451708d44b77b7f914b18c92060 urmc-5acc02dcce4ca96fa36dc5578ebacdc1,548
0248ab1e-2f61-4d2e-98e3-6e12c390a1b5,08fd0ad8-b8bd-4c6d-a1bf-c381dbe24b4d,33,"{'botKey': 'urmc', 'data': {'defaultQueueId': None, 'query': {}, 'queueName': 'Urology'}, 'integrationId': 'e4dd9ed6-76e8-4106-bfb7-14355133ed66', 'method': 'ARE_LIVECHAT_AGENTS_ONLINE', 'nluEngineVersion': '65d388268f9c81a5fb065f9cf8445d04396053ce urmc-6d31e9428cd30eafb7aedfca66870d2b', 'requestLatency': 255}",66fe96f99aed72ff524807f1,2024-10-03 16:07:05.468,INTEGRATION_SERVER_REQUEST,urmc,"{'defaultQueueId': None, 'query': {}, 'queueName': 'Urology'}",e4dd9ed6-76e8-4106-bfb7-14355133ed66,ARE_LIVECHAT_AGENTS_ONLINE,65d388268f9c81a5fb065f9cf8445d04396053ce urmc-6d31e9428cd30eafb7aedfca66870d2b,255
0b0fb89d-096b-40ed-9f31-0853911d581c,08fd0ad8-b8bd-4c6d-a1bf-c381dbe24b4d,75,"{'botKey': 'urmc', 'data': {'defaultQueueId': None, 'query': {}, 'queueName': 'Urology'}, 'integrationId': 'e4dd9ed6-76e8-4106-bfb7-14355133ed66', 'method': 'ARE_LIVECHAT_AGENTS_ONLINE', 'nluEngineVersion': '65d388268f9c81a5fb065f9cf8445d04396053ce urmc-6d31e9428cd30eafb7aedfca66870d2b', 'requestLatency': 405}",66feceba55f202ce26139b71,2024-10-03 20:04:58.765,INTEGRATION_SERVER_REQUEST,urmc,"{'defaultQueueId': None, 'query': {}, 'queueName': 'Urology'}",e4dd9ed6-76e8-4106-bfb7-14355133ed66,ARE_LIVECHAT_AGENTS_ONLINE,65d388268f9c81a5fb065f9cf8445d04396053ce urmc-6d31e9428cd30eafb7aedfca66870d2b,405
e1796081-5ed6-474d-8588-ef372e1bb819,08fd0ad8-b8bd-4c6d-a1bf-c381dbe24b4d,34,"{'botKey': 'urmc', 'data': {'defaultQueueId': None, 'query': {}, 'queueName': 'Urology'}, 'integrationId': 'e4dd9ed6-76e8-4106-bfb7-14355133ed66', 'method': 'ARE_LIVECHAT_AGENTS_ONLINE', 'nluEngineVersion': '65d388268f9c81a5fb065f9cf8445d04396053ce urmc-480f4182e6c89e0232888471a5937803', 'requestLatency': 144}",67003288da6a1c1483236e58,2024-10-04 21:23:04.806,INTEGRATION_SERVER_REQUEST,urmc,"{'defaultQueueId': None, 'query': {}, 'queueName': 'Urology'}",e4dd9ed6-76e8-4106-bfb7-14355133ed66,ARE_LIVECHAT_AGENTS_ONLINE,65d388268f9c81a5fb065f9cf8445d04396053ce urmc-480f4182e6c89e0232888471a5937803,144
7c834aef-a05a-4c73-8d71-4ff7ac271019,08fd0ad8-b8bd-4c6d-a1bf-c381dbe24b4d,66,"{'botKey': 'urmc', 'data': {'defaultQueueId': None, 'query': {}, 'queueName': 'Urology'}, 'integrationId': 'e4dd9ed6-76e8-4106-bfb7-14355133ed66', 'method': 'ARE_LIVECHAT_AGENTS_ONLINE', 'nluEngineVersion': 'bf0fa48f613fdf0b2793c9372faf42e8bb3aa883 urmc-89d910f65fcc8f771e58593cb7e0ce9d', 'requestLatency': 166}",670d4b03881e9aad8ce3d13b,2024-10-14 19:46:59.610,INTEGRATION_SERVER_REQUEST,urmc,"{'defaultQueueId': None, 'query': {}, 'queueName': 'Urology'}",e4dd9ed6-76e8-4106-bfb7-14355133ed66,ARE_LIVECHAT_AGENTS_ONLINE,bf0fa48f613fdf0b2793c9372faf42e8bb3aa883 urmc-89d910f65fcc8f771e58593cb7e0ce9d,166
8af9c7d6-87a4-4d35-87e8-51fb1d41c1d1,08fd0ad8-b8bd-4c6d-a1bf-c381dbe24b4d,73,"{'botKey': 'urmc', 'data': {'defaultQueueId': None, 'query': {}, 'queueName': 'Urology'}, 'integrationId': 'e4dd9ed6-76e8-4106-bfb7-14355133ed66', 'method': 'ARE_LIVECHAT_AGENTS_ONLINE', 'nluEngineVersion': 'e1540ef6ef90a451708d44b77b7f914b18c92060 urmc-5acc02dcce4ca96fa36dc5578ebacdc1', 'requestLatency': 232}",670821ea8529bdd2887d647f,2024-10-10 21:50:18.234,INTEGRATION_SERVER_REQUEST,urmc,"{'defaultQueueId': None, 'query': {}, 'queueName': 'Urology'}",e4dd9ed6-76e8-4106-bfb7-14355133ed66,ARE_LIVECHAT_AGENTS_ONLINE,e1540ef6ef90a451708d44b77b7f914b18c92060 urmc-5acc02dcce4ca96fa36dc5578ebacdc1,232
974358d4-8741-4d5d-9d4d-ff387cf95fe6,08fd0ad8-b8bd-4c6d-a1bf-c381dbe24b4d,27,"{'botKey': 'urmc', 'data': {'defaultQueueId': None, 'query': {}, 'queueName': 'Urology'}, 'integrationId': 'e4dd9ed6-76e8-4106-bfb7-14355133ed66', 'method': 'ARE_LIVECHAT_AGENTS_ONLINE', 'nluEngineVersion': '65d388268f9c81a5fb065f9cf8445d04396053ce urmc-f8af18fcbc10a021a6068c79edd3e93f', 'requestLatency': 576}",66fc544355f202ce26fa9785,2024-10-01 22:57:55.623,INTEGRATION_SERVER_REQUEST,urmc,"{'defaultQueueId': None, 'query': {}, 'queueName': 'Urology'}",e4dd9ed6-76e8-4106-bfb7-14355133ed66,ARE_LIVECHAT_AGENTS_ONLINE,65d388268f9c81a5fb065f9cf8445d04396053ce urmc-f8af18fcbc10a021a6068c79edd3e93f,576
9c2611e2-7da9-4699-b8a9-756b50ce6f48,08fd0ad8-b8bd-4c6d-a1bf-c381dbe24b4d,40,"{'botKey': 'urmc', 'data': {'defaultQueueId': None, 'query': {}, 'queueName': 'Urology'}, 'integrationId': 'e4dd9ed6-76e8-4106-bfb7-14355133ed66', 'method': 'ARE_LIVECHAT_AGENTS_ONLINE', 'nluEngineVersion': '65d388268f9c81a5fb065f9cf8445d04396053ce urmc-f8af18fcbc10a021a6068c79edd3e93f', 'requestLatency': 264}",66fc521dce37c378347d6950,2024-10-01 22:48:45.031,INTEGRATION_SERVER_REQUEST,urmc,"{'defaultQueueId': None, 'query': {}, 'queueName': 'Urology'}",e4dd9ed6-76e8-4106-bfb7-14355133ed66,ARE_LIVECHAT_AGENTS_ONLINE,65d388268f9c81a5fb065f9cf8445d04396053ce urmc-f8af18fcbc10a021a6068c79edd3e93f,264
e2edac63-0b5e-47aa-ba2b-00175cea5171,08fd0ad8-b8bd-4c6d-a1bf-c381dbe24b4d,33,"{'botKey': 'urmc', 'data': {'defaultQueueId': None, 'query': {}, 'queueName': 'Urology'}, 'integrationId': 'e4dd9ed6-76e8-4106-bfb7-14355133ed66', 'method': 'ARE_LIVECHAT_AGENTS_ONLINE', 'nluEngineVersion': '994728dac64a817fed0f861790cb68161d62463e urmc-5045c59462abcdbf1dd96474e081c41b', 'requestLatency': 337}",66fc234a55f202ce26f7ef25,2024-10-01 19:28:58.155,INTEGRATION_SERVER_REQUEST,urmc,"{'defaultQueueId': None, 'query': {}, 'queueName': 'Urology'}",e4dd9ed6-76e8-4106-bfb7-14355133ed66,ARE_LIVECHAT_AGENTS_ONLINE,994728dac64a817fed0f861790cb68161d62463e urmc-5045c59462abcdbf1dd96474e081c41b,337
0d7ccf85-ee2a-4b6c-ba8f-20f2de4ec192,08fd0ad8-b8bd-4c6d-a1bf-c381dbe24b4d,46,"{'botKey': 'urmc', 'data': {'defaultQueueId': None, 'query': {}, 'queueName': 'Urology'}, 'integrationId': 'e4dd9ed6-76e8-4106-bfb7-14355133ed66', 'method': 'ARE_LIVECHAT_AGENTS_ONLINE', 'nluEngineVersion': '994728dac64a817fed0f861790cb68161d62463e urmc-9e92385eca986a968c0ca3e707e0274a', 'requestLatency': 157}",66fbfe4f55f202ce26f5939b,2024-10-01 16:51:11.328,INTEGRATION_SERVER_REQUEST,urmc,"{'defaultQueueId': None, 'query': {}, 'queueName': 'Urology'}",e4dd9ed6-76e8-4106-bfb7-14355133ed66,ARE_LIVECHAT_AGENTS_ONLINE,994728dac64a817fed0f861790cb68161d62463e urmc-9e92385eca986a968c0ca3e707e0274a,157
a1e8a935-277f-43f3-8247-25282968866a,08fd0ad8-b8bd-4c6d-a1bf-c381dbe24b4d,39,"{'botKey': 'urmc', 'data': {'defaultQueueId': None, 'query': {}, 'queueName': 'Urology'}, 'integrationId': 'e4dd9ed6-76e8-4106-bfb7-14355133ed66', 'method': 'ARE_LIVECHAT_AGENTS_ONLINE', 'nluEngineVersion': 'e1641e9e796d573a677b441c828108271ac45ffb urmc-f8af18fcbc10a021a6068c79edd3e93f', 'requestLatency': 173}",66fc2e5606ea172c89cb4c38,2024-10-01 20:16:06.342,INTEGRATION_SERVER_REQUEST,urmc,"{'defaultQueueId': None, 'query': {}, 'queueName': 'Urology'}",e4dd9ed6-76e8-4106-bfb7-14355133ed66,ARE_LIVECHAT_AGENTS_ONLINE,e1641e9e796d573a677b441c828108271ac45ffb urmc-f8af18fcbc10a021a6068c79edd3e93f,173
e3b2ae20-dc1e-40b1-b49f-bf5836299103,08fd0ad8-b8bd-4c6d-a1bf-c381dbe24b4d,27,"{'botKey': 'urmc', 'data': {'defaultQueueId': None, 'query': {}, 'queueName': 'Air'}, 'integrationId': 'e4dd9ed6-76e8-4106-bfb7-14355133ed66', 'method': 'ARE_LIVECHAT_AGENTS_ONLINE', 'nluEngineVersion': 'a6f109567b9d330e351f52437db72c06ebe694f2 urmc-f95578ec092932482f95a0d3fdaedaa8', 'requestLatency': 231}",670564c64f3c05168c788365,2024-10-08 19:58:46.361,INTEGRATION_SERVER_REQUEST,urmc,"{'defaultQueueId': None, 'query': {}, 'queueName': 'Air'}",e4dd9ed6-76e8-4106-bfb7-14355133ed66,ARE_LIVECHAT_AGENTS_ONLINE,a6f109567b9d330e351f52437db72c06ebe694f2 urmc-f95578ec092932482f95a0d3fdaedaa8,231
a633bccd-020d-49e0-a9e1-ecae9edbc636,08fd0ad8-b8bd-4c6d-a1bf-c381dbe24b4d,37,"{'botKey': 'urmc', 'data': {'defaultQueueId': None, 'query': {}, 'queueName': 'Urology'}, 'integrationId': 'e4dd9ed6-76e8-4106-bfb7-14355133ed66', 'method': 'ARE_LIVECHAT_AGENTS_ONLINE', 'nluEngineVersion': '8307155cd3fb198077acd99ef4a2e834c23ed71f urmc-89d910f65fcc8f771e58593cb7e0ce9d', 'requestLatency': 154}",670d5dec14519701d62fba11,2024-10-14 21:07:40.988,INTEGRATION_SERVER_REQUEST,urmc,"{'defaultQueueId': None, 'query': {}, 'queueName': 'Urology'}",e4dd9ed6-76e8-4106-bfb7-14355133ed66,ARE_LIVECHAT_AGENTS_ONLINE,8307155cd3fb198077acd99ef4a2e834c23ed71f urmc-89d910f65fcc8f771e58593cb7e0ce9d,154
ccc7c522-7379-4586-8ad3-3e4714992f2d,08fd0ad8-b8bd-4c6d-a1bf-c381dbe24b4d,34,"{'botKey': 'urmc', 'data': {'defaultQueueId': None, 'query': {}, 'queueName': 'Urology'}, 'integrationId': 'e4dd9ed6-76e8-4106-bfb7-14355133ed66', 'method': 'ARE_LIVECHAT_AGENTS_ONLINE', 'nluEngineVersion': 'bf0fa48f613fdf0b2793c9372faf42e8bb3aa883 urmc-89d910f65fcc8f771e58593cb7e0ce9d', 'requestLatency': 119}",670d1aff8529bdd288ac5fd5,2024-10-14 16:22:07.062,INTEGRATION_SERVER_REQUEST,urmc,"{'defaultQueueId': None, 'query': {}, 'queueName': 'Urology'}",e4dd9ed6-76e8-4106-bfb7-14355133ed66,ARE_LIVECHAT_AGENTS_ONLINE,bf0fa48f613fdf0b2793c9372faf42e8bb3aa883 urmc-89d910f65fcc8f771e58593cb7e0ce9d,119
9ba01f2f-8935-494d-8e11-3818664e1d47,08fd0ad8-b8bd-4c6d-a1bf-c381dbe24b4d,42,"{'botKey': 'urmc', 'data': {'defaultQueueId': None, 'query': {}, 'queueName': 'Urology'}, 'integrationId': 'e4dd9ed6-76e8-4106-bfb7-14355133ed66', 'method': 'ARE_LIVECHAT_AGENTS_ONLINE', 'nluEngineVersion': '7c8aa7cf05639bb2edb7c225a6aa00c85537c812 urmc-b36d458c4b00d2be35abe2d4d99f8ef6', 'requestLatency': 189}",670934a114519701d607e0f6,2024-10-11 17:22:25.536,INTEGRATION_SERVER_REQUEST,urmc,"{'defaultQueueId': None, 'query': {}, 'queueName': 'Urology'}",e4dd9ed6-76e8-4106-bfb7-14355133ed66,ARE_LIVECHAT_AGENTS_ONLINE,7c8aa7cf05639bb2edb7c225a6aa00c85537c812 urmc-b36d458c4b00d2be35abe2d4d99f8ef6,189
297cd602-750c-4e14-a3f1-9e58e4465c00,08fd0ad8-b8bd-4c6d-a1bf-c381dbe24b4d,36,"{'botKey': 'urmc', 'data': {'defaultQueueId': None, 'query': {}, 'queueName': 'Urology'}, 'integrationId': 'e4dd9ed6-76e8-4106-bfb7-14355133ed66', 'method': 'ARE_LIVECHAT_AGENTS_ONLINE', 'nluEngineVersion': 'bf0fa48f613fdf0b2793c9372faf42e8bb3aa883 urmc-89d910f65fcc8f771e58593cb7e0ce9d', 'requestLatency': 101}",670d3afa881e9aad8ce2f71b,2024-10-14 18:38:34.799,INTEGRATION_SERVER_REQUEST,urmc,"{'defaultQueueId': None, 'query': {}, 'queueName': 'Urology'}",e4dd9ed6-76e8-4106-bfb7-14355133ed66,ARE_LIVECHAT_AGENTS_ONLINE,bf0fa48f613fdf0b2793c9372faf42e8bb3aa883 urmc-89d910f65fcc8f771e58593cb7e0ce9d,101
f85f1edc-5df4-4f13-9e50-d7cb04fdf082,08fd0ad8-b8bd-4c6d-a1bf-c381dbe24b4d,27,"{'botKey': 'urmc', 'data': {'defaultQueueId': None, 'query': {}, 'queueName': 'Urology'}, 'integrationId': 'e4dd9ed6-76e8-4106-bfb7-14355133ed66', 'method': 'ARE_LIVECHAT_AGENTS_ONLINE', 'nluEngineVersion': 'bf0fa48f613fdf0b2793c9372faf42e8bb3aa883 urmc-89d910f65fcc8f771e58593cb7e0ce9d', 'requestLatency': 278}",670d2675881e9aad8ce1ae6b,2024-10-14 17:11:01.316,INTEGRATION_SERVER_REQUEST,urmc,"{'defaultQueueId': None, 'query': {}, 'queueName': 'Urology'}",e4dd9ed6-76e8-4106-bfb7-14355133ed66,ARE_LIVECHAT_AGENTS_ONLINE,bf0fa48f613fdf0b2793c9372faf42e8bb3aa883 urmc-89d910f65fcc8f771e58593cb7e0ce9d,278
c79a9c43-a606-4edb-841f-6c7a953c1199,08fd0ad8-b8bd-4c6d-a1bf-c381dbe24b4d,37,"{'botKey': 'urmc', 'data': {'defaultQueueId': None, 'query': {}, 'queueName': 'Urology'}, 'integrationId': 'e4dd9ed6-76e8-4106-bfb7-14355133ed66', 'method': 'ARE_LIVECHAT_AGENTS_ONLINE', 'nluEngineVersion': 'bf0fa48f613fdf0b2793c9372faf42e8bb3aa883 urmc-89d910f65fcc8f771e58593cb7e0ce9d', 'requestLatency': 170}",670d46d2881e9aad8ce39804,2024-10-14 19:29:06.275,INTEGRATION_SERVER_REQUEST,urmc,"{'defaultQueueId': None, 'query': {}, 'queueName': 'Urology'}",e4dd9ed6-76e8-4106-bfb7-14355133ed66,ARE_LIVECHAT_AGENTS_ONLINE,bf0fa48f613fdf0b2793c9372faf42e8bb3aa883 urmc-89d910f65fcc8f771e58593cb7e0ce9d,170
1666d847-1a6e-4063-b306-159352386344,08fd0ad8-b8bd-4c6d-a1bf-c381dbe24b4d,39,"{'botKey': 'urmc', 'data': {'defaultQueueId': None, 'query': {}, 'queueName': 'Urology'}, 'integrationId': 'e4dd9ed6-76e8-4106-bfb7-14355133ed66', 'method': 'ARE_LIVECHAT_AGENTS_ONLINE', 'nluEngineVersion': '65d388268f9c81a5fb065f9cf8445d04396053ce urmc-f8af18fcbc10a021a6068c79edd3e93f', 'requestLatency': 292}",66fc4f44f5f972a5bee7d742,2024-10-01 22:36:36.507,INTEGRATION_SERVER_REQUEST,urmc,"{'defaultQueueId': None, 'query': {}, 'queueName': 'Urology'}",e4dd9ed6-76e8-4106-bfb7-14355133ed66,ARE_LIVECHAT_AGENTS_ONLINE,65d388268f9c81a5fb065f9cf8445d04396053ce urmc-f8af18fcbc10a021a6068c79edd3e93f,292
2976cc9b-7d9a-4736-bc0a-ec49866965b7,08fd0ad8-b8bd-4c6d-a1bf-c381dbe24b4d,33,"{'botKey': 'urmc', 'data': {'defaultQueueId': None, 'query': {}, 'queueName': 'Urology'}, 'integrationId': 'e4dd9ed6-76e8-4106-bfb7-14355133ed66', 'method': 'ARE_LIVECHAT_AGENTS_ONLINE', 'nluEngineVersion': '2e1507ce847342e9c6b49a2a855bd4def47b8a06 urmc-9e92385eca986a968c0ca3e707e0274a', 'requestLatency': 144}",66fbea0ace37c3783476c5cb,2024-10-01 15:24:42.625,INTEGRATION_SERVER_REQUEST,urmc,"{'defaultQueueId': None, 'query': {}, 'queueName': 'Urology'}",e4dd9ed6-76e8-4106-bfb7-14355133ed66,ARE_LIVECHAT_AGENTS_ONLINE,2e1507ce847342e9c6b49a2a855bd4def47b8a06 urmc-9e92385eca986a968c0ca3e707e0274a,144
9760ab45-4366-40c1-8383-362b95d5a108,08fd0ad8-b8bd-4c6d-a1bf-c381dbe24b4d,33,"{'botKey': 'urmc', 'data': {'defaultQueueId': None, 'query': {}, 'queueName': 'Urology'}, 'integrationId': 'e4dd9ed6-76e8-4106-bfb7-14355133ed66', 'method': 'ARE_LIVECHAT_AGENTS_ONLINE', 'nluEngineVersion': '994728dac64a817fed0f861790cb68161d62463e urmc-5045c59462abcdbf1dd96474e081c41b', 'requestLatency': 161}",66fc0b7455f202ce26f68948,2024-10-01 17:47:16.815,INTEGRATION_SERVER_REQUEST,urmc,"{'defaultQueueId': None, 'query': {}, 'queueName': 'Urology'}",e4dd9ed6-76e8-4106-bfb7-14355133ed66,ARE_LIVECHAT_AGENTS_ONLINE,994728dac64a817fed0f861790cb68161d62463e urmc-5045c59462abcdbf1dd96474e081c41b,161
02ab6f8d-23e3-4ffc-a1c8-2f75baac3101,08fd0ad8-b8bd-4c6d-a1bf-c381dbe24b4d,39,"{'botKey': 'urmc', 'data': {'defaultQueueId': None, 'query': {}, 'queueName': 'Urology'}, 'integrationId': 'e4dd9ed6-76e8-4106-bfb7-14355133ed66', 'method': 'ARE_LIVECHAT_AGENTS_ONLINE', 'nluEngineVersion': '65d388268f9c81a5fb065f9cf8445d04396053ce urmc-f8af18fcbc10a021a6068c79edd3e93f', 'requestLatency': 630}",66fc512f55f202ce26fa6fbc,2024-10-01 22:44:47.679,INTEGRATION_SERVER_REQUEST,urmc,"{'defaultQueueId': None, 'query': {}, 'queueName': 'Urology'}",e4dd9ed6-76e8-4106-bfb7-14355133ed66,ARE_LIVECHAT_AGENTS_ONLINE,65d388268f9c81a5fb065f9cf8445d04396053ce urmc-f8af18fcbc10a021a6068c79edd3e93f,630
35d2620a-aa32-4f2d-b018-576b5a0f7de1,08fd0ad8-b8bd-4c6d-a1bf-c381dbe24b4d,27,"{'botKey': 'urmc', 'data': {'defaultQueueId': None, 'query': {}, 'queueName': 'Air'}, 'integrationId': 'e4dd9ed6-76e8-4106-bfb7-14355133ed66', 'method': 'ARE_LIVECHAT_AGENTS_ONLINE', 'nluEngineVersion': '7d76806dacd9022f43205c499f77a1529744b90b urmc-f6abf1135b374ee1def31fd3efc6e049', 'requestLatency': 366}",6703db52ce37c37834ceb2ac,2024-10-07 16:00:02.734,INTEGRATION_SERVER_REQUEST,urmc,"{'defaultQueueId': None, 'query': {}, 'queueName': 'Air'}",e4dd9ed6-76e8-4106-bfb7-14355133ed66,ARE_LIVECHAT_AGENTS_ONLINE,7d76806dacd9022f43205c499f77a1529744b90b urmc-f6abf1135b374ee1def31fd3efc6e049,366
2e0160c9-3df3-4f15-ba4c-d2c9efc0a881,08fd0ad8-b8bd-4c6d-a1bf-c381dbe24b4d,35,"{'botKey': 'urmc', 'data': {'defaultQueueId': None, 'query': {}, 'queueName': 'Urology'}, 'integrationId': 'e4dd9ed6-76e8-4106-bfb7-14355133ed66', 'method': 'ARE_LIVECHAT_AGENTS_ONLINE', 'nluEngineVersion': 'f5a10b14fec038fdf643d891591f0686cac51771 urmc-169973b677a1a13aeec39e84f4b2807a', 'requestLatency': 292}",6703f70a00ab2c30dea89ec2,2024-10-07 17:58:18.889,INTEGRATION_SERVER_REQUEST,urmc,"{'defaultQueueId': None, 'query': {}, 'queueName': 'Urology'}",e4dd9ed6-76e8-4106-bfb7-14355133ed66,ARE_LIVECHAT_AGENTS_ONLINE,f5a10b14fec038fdf643d891591f0686cac51771 urmc-169973b677a1a13aeec39e84f4b2807a,292
2e0160c9-3df3-4f15-ba4c-d2c9efc0a881,08fd0ad8-b8bd-4c6d-a1bf-c381dbe24b4d,149,"{'botKey': 'urmc', 'data': {'defaultQueueId': None, 'query': {}, 'queueName': 'Urology'}, 'integrationId': 'e4dd9ed6-76e8-4106-bfb7-14355133ed66', 'method': 'ARE_LIVECHAT_AGENTS_ONLINE', 'nluEngineVersion': 'f5a10b14fec038fdf643d891591f0686cac51771 urmc-169973b677a1a13aeec39e84f4b2807a', 'requestLatency': 288}",6703f8f800ab2c30dea8b9c8,2024-10-07 18:06:32.179,INTEGRATION_SERVER_REQUEST,urmc,"{'defaultQueueId': None, 'query': {}, 'queueName': 'Urology'}",e4dd9ed6-76e8-4106-bfb7-14355133ed66,ARE_LIVECHAT_AGENTS_ONLINE,f5a10b14fec038fdf643d891591f0686cac51771 urmc-169973b677a1a13aeec39e84f4b2807a,288
f8e1fda0-5070-42c8-b5bb-2288d7b345e7,08fd0ad8-b8bd-4c6d-a1bf-c381dbe24b4d,37,"{'botKey': 'urmc', 'data': {'defaultQueueId': None, 'query': {}, 'queueName': 'Urology'}, 'integrationId': 'e4dd9ed6-76e8-4106-bfb7-14355133ed66', 'method': 'ARE_LIVECHAT_AGENTS_ONLINE', 'nluEngineVersion': 'd19ace2641a995554c48700cbecb9ca30b97477f urmc-169973b677a1a13aeec39e84f4b2807a', 'requestLatency': 278}",670424c255f202ce26476bcd,2024-10-07 21:13:22.343,INTEGRATION_SERVER_REQUEST,urmc,"{'defaultQueueId': None, 'query': {}, 'queueName': 'Urology'}",e4dd9ed6-76e8-4106-bfb7-14355133ed66,ARE_LIVECHAT_AGENTS_ONLINE,d19ace2641a995554c48700cbecb9ca30b97477f urmc-169973b677a1a13aeec39e84f4b2807a,278
dde21e51-da50-40f1-8e97-308e52e1df9f,08fd0ad8-b8bd-4c6d-a1bf-c381dbe24b4d,78,"{'botKey': 'urmc', 'data': {'defaultQueueId': None, 'query': {}, 'queueName': 'Urology'}, 'integrationId': 'e4dd9ed6-76e8-4106-bfb7-14355133ed66', 'method': 'ARE_LIVECHAT_AGENTS_ONLINE', 'nluEngineVersion': 'f5a10b14fec038fdf643d891591f0686cac51771 urmc-169973b677a1a13aeec39e84f4b2807a', 'requestLatency': 284}",67041633ce37c37834d22dcc,2024-10-07 20:11:15.084,INTEGRATION_SERVER_REQUEST,urmc,"{'defaultQueueId': None, 'query': {}, 'queueName': 'Urology'}",e4dd9ed6-76e8-4106-bfb7-14355133ed66,ARE_LIVECHAT_AGENTS_ONLINE,f5a10b14fec038fdf643d891591f0686cac51771 urmc-169973b677a1a13aeec39e84f4b2807a,284
3223cf35-c71d-4fe3-b9c1-68872df9ab96,08fd0ad8-b8bd-4c6d-a1bf-c381dbe24b4d,50,"{'botKey': 'urmc', 'data': {'defaultQueueId': None, 'query': {}, 'queueName': 'Urology'}, 'integrationId': 'e4dd9ed6-76e8-4106-bfb7-14355133ed66', 'method': 'ARE_LIVECHAT_AGENTS_ONLINE', 'nluEngineVersion': 'f5a10b14fec038fdf643d891591f0686cac51771 urmc-169973b677a1a13aeec39e84f4b2807a', 'requestLatency': 286}",6703fe78ce37c37834d0dcea,2024-10-07 18:30:00.098,INTEGRATION_SERVER_REQUEST,urmc,"{'defaultQueueId': None, 'query': {}, 'queueName': 'Urology'}",e4dd9ed6-76e8-4106-bfb7-14355133ed66,ARE_LIVECHAT_AGENTS_ONLINE,f5a10b14fec038fdf643d891591f0686cac51771 urmc-169973b677a1a13aeec39e84f4b2807a,286
80d00fe3-b19d-4102-98d9-0256c16ed540,08fd0ad8-b8bd-4c6d-a1bf-c381dbe24b4d,44,"{'botKey': 'urmc', 'data': {'defaultQueueId': None, 'query': {}, 'queueName': 'Urology'}, 'integrationId': 'e4dd9ed6-76e8-4106-bfb7-14355133ed66', 'method': 'ARE_LIVECHAT_AGENTS_ONLINE', 'nluEngineVersion': '7d76806dacd9022f43205c499f77a1529744b90b urmc-f6abf1135b374ee1def31fd3efc6e049', 'requestLatency': 401}",6703d031ce37c37834ce1fc7,2024-10-07 15:12:33.812,INTEGRATION_SERVER_REQUEST,urmc,"{'defaultQueueId': None, 'query': {}, 'queueName': 'Urology'}",e4dd9ed6-76e8-4106-bfb7-14355133ed66,ARE_LIVECHAT_AGENTS_ONLINE,7d76806dacd9022f43205c499f77a1529744b90b urmc-f6abf1135b374ee1def31fd3efc6e049,401
fd75fe86-b7b4-47aa-a62c-5c0d61a5bf6e,08fd0ad8-b8bd-4c6d-a1bf-c381dbe24b4d,75,"{'botKey': 'urmc', 'data': {'defaultQueueId': None, 'query': {}, 'queueName': 'Urology'}, 'integrationId': 'e4dd9ed6-76e8-4106-bfb7-14355133ed66', 'method': 'ARE_LIVECHAT_AGENTS_ONLINE', 'nluEngineVersion': 'd19ace2641a995554c48700cbecb9ca30b97477f urmc-169973b677a1a13aeec39e84f4b2807a', 'requestLatency': 167}",67042bd0ce37c37834d35fd8,2024-10-07 21:43:28.444,INTEGRATION_SERVER_REQUEST,urmc,"{'defaultQueueId': None, 'query': {}, 'queueName': 'Urology'}",e4dd9ed6-76e8-4106-bfb7-14355133ed66,ARE_LIVECHAT_AGENTS_ONLINE,d19ace2641a995554c48700cbecb9ca30b97477f urmc-169973b677a1a13aeec39e84f4b2807a,167
300648c3-de1b-4612-a42a-9b78bba021aa,08fd0ad8-b8bd-4c6d-a1bf-c381dbe24b4d,33,"{'botKey': 'urmc', 'data': {'defaultQueueId': None, 'query': {}, 'queueName': 'Urology'}, 'integrationId': 'e4dd9ed6-76e8-4106-bfb7-14355133ed66', 'method': 'ARE_LIVECHAT_AGENTS_ONLINE', 'nluEngineVersion': 'd19ace2641a995554c48700cbecb9ca30b97477f urmc-169973b677a1a13aeec39e84f4b2807a', 'requestLatency': 145}",67043095dd018676c742e85c,2024-10-07 22:03:49.088,INTEGRATION_SERVER_REQUEST,urmc,"{'defaultQueueId': None, 'query': {}, 'queueName': 'Urology'}",e4dd9ed6-76e8-4106-bfb7-14355133ed66,ARE_LIVECHAT_AGENTS_ONLINE,d19ace2641a995554c48700cbecb9ca30b97477f urmc-169973b677a1a13aeec39e84f4b2807a,145
5d2a65b9-54d5-4e04-b044-850cafd46e85,08fd0ad8-b8bd-4c6d-a1bf-c381dbe24b4d,39,"{'botKey': 'urmc', 'data': {'defaultQueueId': None, 'query': {}, 'queueName': 'Urology'}, 'integrationId': 'e4dd9ed6-76e8-4106-bfb7-14355133ed66', 'method': 'ARE_LIVECHAT_AGENTS_ONLINE', 'nluEngineVersion': '7d76806dacd9022f43205c499f77a1529744b90b urmc-169973b677a1a13aeec39e84f4b2807a', 'requestLatency': 343}",6703e9f355f202ce264425ed,2024-10-07 17:02:27.332,INTEGRATION_SERVER_REQUEST,urmc,"{'defaultQueueId': None, 'query': {}, 'queueName': 'Urology'}",e4dd9ed6-76e8-4106-bfb7-14355133ed66,ARE_LIVECHAT_AGENTS_ONLINE,7d76806dacd9022f43205c499f77a1529744b90b urmc-169973b677a1a13aeec39e84f4b2807a,343
d83e8d32-9190-42b7-ae09-3b46ab5f9294,08fd0ad8-b8bd-4c6d-a1bf-c381dbe24b4d,26,"{'botKey': 'urmc', 'data': {'defaultQueueId': None, 'query': {}, 'queueName': 'Air'}, 'integrationId': 'e4dd9ed6-76e8-4106-bfb7-14355133ed66', 'method': 'ARE_LIVECHAT_AGENTS_ONLINE', 'nluEngineVersion': '7d76806dacd9022f43205c499f77a1529744b90b urmc-169973b677a1a13aeec39e84f4b2807a', 'requestLatency': 471}",6703f073dd018676c73f616c,2024-10-07 17:30:11.202,INTEGRATION_SERVER_REQUEST,urmc,"{'defaultQueueId': None, 'query': {}, 'queueName': 'Air'}",e4dd9ed6-76e8-4106-bfb7-14355133ed66,ARE_LIVECHAT_AGENTS_ONLINE,7d76806dacd9022f43205c499f77a1529744b90b urmc-169973b677a1a13aeec39e84f4b2807a,471
adea2aec-a361-46f1-91fe-73c86591bd14,08fd0ad8-b8bd-4c6d-a1bf-c381dbe24b4d,34,"{'botKey': 'urmc', 'data': {'defaultQueueId': None, 'query': {}, 'queueName': 'Urology'}, 'integrationId': 'e4dd9ed6-76e8-4106-bfb7-14355133ed66', 'method': 'ARE_LIVECHAT_AGENTS_ONLINE', 'nluEngineVersion': 'f5a10b14fec038fdf643d891591f0686cac51771 urmc-169973b677a1a13aeec39e84f4b2807a', 'requestLatency': 167}",6704149255f202ce2646925f,2024-10-07 20:04:18.204,INTEGRATION_SERVER_REQUEST,urmc,"{'defaultQueueId': None, 'query': {}, 'queueName': 'Urology'}",e4dd9ed6-76e8-4106-bfb7-14355133ed66,ARE_LIVECHAT_AGENTS_ONLINE,f5a10b14fec038fdf643d891591f0686cac51771 urmc-169973b677a1a13aeec39e84f4b2807a,167
c4589dd7-7c8f-4036-b502-d4f8150f7f3a,08fd0ad8-b8bd-4c6d-a1bf-c381dbe24b4d,33,"{'botKey': 'urmc', 'data': {'defaultQueueId': None, 'query': {}, 'queueName': 'Urology'}, 'integrationId': 'e4dd9ed6-76e8-4106-bfb7-14355133ed66', 'method': 'ARE_LIVECHAT_AGENTS_ONLINE', 'nluEngineVersion': 'e1540ef6ef90a451708d44b77b7f914b18c92060 urmc-5acc02dcce4ca96fa36dc5578ebacdc1', 'requestLatency': 686}",67080f9186501aa6ad2011cf,2024-10-10 20:32:01.075,INTEGRATION_SERVER_REQUEST,urmc,"{'defaultQueueId': None, 'query': {}, 'queueName': 'Urology'}",e4dd9ed6-76e8-4106-bfb7-14355133ed66,ARE_LIVECHAT_AGENTS_ONLINE,e1540ef6ef90a451708d44b77b7f914b18c92060 urmc-5acc02dcce4ca96fa36dc5578ebacdc1,686
e69c48f8-0692-4116-86c5-00f0b4077e1f,08fd0ad8-b8bd-4c6d-a1bf-c381dbe24b4d,34,"{'botKey': 'urmc', 'data': {'defaultQueueId': None, 'query': {}, 'queueName': 'Urology'}, 'integrationId': 'e4dd9ed6-76e8-4106-bfb7-14355133ed66', 'method': 'ARE_LIVECHAT_AGENTS_ONLINE', 'nluEngineVersion': 'bf0fa48f613fdf0b2793c9372faf42e8bb3aa883 urmc-89d910f65fcc8f771e58593cb7e0ce9d', 'requestLatency': 146}",670d5156881e9aad8ce42433,2024-10-14 20:13:58.103,INTEGRATION_SERVER_REQUEST,urmc,"{'defaultQueueId': None, 'query': {}, 'queueName': 'Urology'}",e4dd9ed6-76e8-4106-bfb7-14355133ed66,ARE_LIVECHAT_AGENTS_ONLINE,bf0fa48f613fdf0b2793c9372faf42e8bb3aa883 urmc-89d910f65fcc8f771e58593cb7e0ce9d,146
531d8138-9ea7-4373-9ea6-1a48bf5e60ef,08fd0ad8-b8bd-4c6d-a1bf-c381dbe24b4d,51,"{'botKey': 'urmc', 'data': {'defaultQueueId': None, 'query': {}, 'queueName': 'Urology'}, 'integrationId': 'e4dd9ed6-76e8-4106-bfb7-14355133ed66', 'method': 'ARE_LIVECHAT_AGENTS_ONLINE', 'nluEngineVersion': '65d388268f9c81a5fb065f9cf8445d04396053ce urmc-6a3114572dffb9b823623fc3281cb224', 'requestLatency': 164}",66fd952e55f202ce2606e7f4,2024-10-02 21:47:10.616,INTEGRATION_SERVER_REQUEST,urmc,"{'defaultQueueId': None, 'query': {}, 'queueName': 'Urology'}",e4dd9ed6-76e8-4106-bfb7-14355133ed66,ARE_LIVECHAT_AGENTS_ONLINE,65d388268f9c81a5fb065f9cf8445d04396053ce urmc-6a3114572dffb9b823623fc3281cb224,164
9a9df2d4-579d-44e7-85b2-bf145ef41226,08fd0ad8-b8bd-4c6d-a1bf-c381dbe24b4d,73,"{'botKey': 'urmc', 'data': {'defaultQueueId': None, 'query': {}, 'queueName': 'Urology'}, 'integrationId': 'e4dd9ed6-76e8-4106-bfb7-14355133ed66', 'method': 'ARE_LIVECHAT_AGENTS_ONLINE', 'nluEngineVersion': '65d388268f9c81a5fb065f9cf8445d04396053ce urmc-f8af18fcbc10a021a6068c79edd3e93f', 'requestLatency': 228}",66fd72704a29b75ae498c11a,2024-10-02 19:18:56.537,INTEGRATION_SERVER_REQUEST,urmc,"{'defaultQueueId': None, 'query': {}, 'queueName': 'Urology'}",e4dd9ed6-76e8-4106-bfb7-14355133ed66,ARE_LIVECHAT_AGENTS_ONLINE,65d388268f9c81a5fb065f9cf8445d04396053ce urmc-f8af18fcbc10a021a6068c79edd3e93f,228
9a9df2d4-579d-44e7-85b2-bf145ef41226,08fd0ad8-b8bd-4c6d-a1bf-c381dbe24b4d,171,"{'botKey': 'urmc', 'data': {'defaultQueueId': None, 'query': {}, 'queueName': 'Urology'}, 'integrationId': 'e4dd9ed6-76e8-4106-bfb7-14355133ed66', 'method': 'ARE_LIVECHAT_AGENTS_ONLINE', 'nluEngineVersion': '65d388268f9c81a5fb065f9cf8445d04396053ce urmc-f8af18fcbc10a021a6068c79edd3e93f', 'requestLatency': 314}",66fd72b44a29b75ae498c4f1,2024-10-02 19:20:04.195,INTEGRATION_SERVER_REQUEST,urmc,"{'defaultQueueId': None, 'query': {}, 'queueName': 'Urology'}",e4dd9ed6-76e8-4106-bfb7-14355133ed66,ARE_LIVECHAT_AGENTS_ONLINE,65d388268f9c81a5fb065f9cf8445d04396053ce urmc-f8af18fcbc10a021a6068c79edd3e93f,314
0d6d27ef-c591-4c4a-91fd-654092577cae,08fd0ad8-b8bd-4c6d-a1bf-c381dbe24b4d,62,"{'botKey': 'urmc', 'data': {'defaultQueueId': None, 'query': {}, 'queueName': 'Urology'}, 'integrationId': 'e4dd9ed6-76e8-4106-bfb7-14355133ed66', 'method': 'ARE_LIVECHAT_AGENTS_ONLINE', 'nluEngineVersion': 'bf0fa48f613fdf0b2793c9372faf42e8bb3aa883 urmc-89d910f65fcc8f771e58593cb7e0ce9d', 'requestLatency': 269}",670d49b08790e7f88c2757cc,2024-10-14 19:41:20.697,INTEGRATION_SERVER_REQUEST,urmc,"{'defaultQueueId': None, 'query': {}, 'queueName': 'Urology'}",e4dd9ed6-76e8-4106-bfb7-14355133ed66,ARE_LIVECHAT_AGENTS_ONLINE,bf0fa48f613fdf0b2793c9372faf42e8bb3aa883 urmc-89d910f65fcc8f771e58593cb7e0ce9d,269
acfe2922-4449-4367-81b6-6a2b55a72e29,08fd0ad8-b8bd-4c6d-a1bf-c381dbe24b4d,42,"{'botKey': 'urmc', 'data': {'defaultQueueId': None, 'query': {}, 'queueName': 'Urology'}, 'integrationId': 'e4dd9ed6-76e8-4106-bfb7-14355133ed66', 'method': 'ARE_LIVECHAT_AGENTS_ONLINE', 'nluEngineVersion': 'bf0fa48f613fdf0b2793c9372faf42e8bb3aa883 urmc-89d910f65fcc8f771e58593cb7e0ce9d', 'requestLatency': 227}",670d46b78790e7f88c27303f,2024-10-14 19:28:39.718,INTEGRATION_SERVER_REQUEST,urmc,"{'defaultQueueId': None, 'query': {}, 'queueName': 'Urology'}",e4dd9ed6-76e8-4106-bfb7-14355133ed66,ARE_LIVECHAT_AGENTS_ONLINE,bf0fa48f613fdf0b2793c9372faf42e8bb3aa883 urmc-89d910f65fcc8f771e58593cb7e0ce9d,227
70a8a5ee-e5a0-4ecf-bb47-f04d5d51f1aa,08fd0ad8-b8bd-4c6d-a1bf-c381dbe24b4d,30,"{'botKey': 'urmc', 'data': {'defaultQueueId': None, 'query': {}, 'queueName': 'Urology'}, 'integrationId': 'e4dd9ed6-76e8-4106-bfb7-14355133ed66', 'method': 'ARE_LIVECHAT_AGENTS_ONLINE', 'nluEngineVersion': '8307155cd3fb198077acd99ef4a2e834c23ed71f urmc-89d910f65fcc8f771e58593cb7e0ce9d', 'requestLatency': 301}",670d5a178790e7f88c2844ea,2024-10-14 20:51:19.141,INTEGRATION_SERVER_REQUEST,urmc,"{'defaultQueueId': None, 'query': {}, 'queueName': 'Urology'}",e4dd9ed6-76e8-4106-bfb7-14355133ed66,ARE_LIVECHAT_AGENTS_ONLINE,8307155cd3fb198077acd99ef4a2e834c23ed71f urmc-89d910f65fcc8f771e58593cb7e0ce9d,301
67d55272-7a89-478a-8104-40f533d9321d,08fd0ad8-b8bd-4c6d-a1bf-c381dbe24b4d,27,"{'botKey': 'urmc', 'data': {'defaultQueueId': None, 'query': {}, 'queueName': 'Urology'}, 'integrationId': 'e4dd9ed6-76e8-4106-bfb7-14355133ed66', 'method': 'ARE_LIVECHAT_AGENTS_ONLINE', 'nluEngineVersion': '0668b4298420020a85dadd5a28482c463c374e23 urmc-d7b76ab58052fc65932cbb27caa4ced2', 'requestLatency': 262}",670ea73ac6d56ea4415eb9a9,2024-10-15 20:32:42.215,INTEGRATION_SERVER_REQUEST,urmc,"{'defaultQueueId': None, 'query': {}, 'queueName': 'Urology'}",e4dd9ed6-76e8-4106-bfb7-14355133ed66,ARE_LIVECHAT_AGENTS_ONLINE,0668b4298420020a85dadd5a28482c463c374e23 urmc-d7b76ab58052fc65932cbb27caa4ced2,262
42f90345-2fd6-4c99-8ea8-28175bbf03c6,08fd0ad8-b8bd-4c6d-a1bf-c381dbe24b4d,29,"{'botKey': 'urmc', 'data': {'defaultQueueId': None, 'query': {}, 'queueName': 'Urology'}, 'integrationId': 'e4dd9ed6-76e8-4106-bfb7-14355133ed66', 'method': 'ARE_LIVECHAT_AGENTS_ONLINE', 'nluEngineVersion': '0668b4298420020a85dadd5a28482c463c374e23 urmc-d7b76ab58052fc65932cbb27caa4ced2', 'requestLatency': 250}",670e733a8529bdd288bb9663,2024-10-15 16:50:50.765,INTEGRATION_SERVER_REQUEST,urmc,"{'defaultQueueId': None, 'query': {}, 'queueName': 'Urology'}",e4dd9ed6-76e8-4106-bfb7-14355133ed66,ARE_LIVECHAT_AGENTS_ONLINE,0668b4298420020a85dadd5a28482c463c374e23 urmc-d7b76ab58052fc65932cbb27caa4ced2,250
cc946338-834b-4acc-99c0-16d533479445,08fd0ad8-b8bd-4c6d-a1bf-c381dbe24b4d,27,"{'botKey': 'urmc', 'data': {'defaultQueueId': None, 'query': {}, 'queueName': 'Urology'}, 'integrationId': 'e4dd9ed6-76e8-4106-bfb7-14355133ed66', 'method': 'ARE_LIVECHAT_AGENTS_ONLINE', 'nluEngineVersion': '0668b4298420020a85dadd5a28482c463c374e23 urmc-d7b76ab58052fc65932cbb27caa4ced2', 'requestLatency': 447}",670ea300c6d56ea4415e72fc,2024-10-15 20:14:40.499,INTEGRATION_SERVER_REQUEST,urmc,"{'defaultQueueId': None, 'query': {}, 'queueName': 'Urology'}",e4dd9ed6-76e8-4106-bfb7-14355133ed66,ARE_LIVECHAT_AGENTS_ONLINE,0668b4298420020a85dadd5a28482c463c374e23 urmc-d7b76ab58052fc65932cbb27caa4ced2,447
9a1d2109-189a-45b4-acaf-b5cfbf3d9b1f,08fd0ad8-b8bd-4c6d-a1bf-c381dbe24b4d,26,"{'botKey': 'urmc', 'data': {'defaultQueueId': None, 'query': {}, 'queueName': 'Urology'}, 'integrationId': 'e4dd9ed6-76e8-4106-bfb7-14355133ed66', 'method': 'ARE_LIVECHAT_AGENTS_ONLINE', 'nluEngineVersion': '6ea939c99252fd8d2b84582660f85fe69c4a6877 urmc-d7b76ab58052fc65932cbb27caa4ced2', 'requestLatency': 585}",670ebbb4c6d56ea4415fce46,2024-10-15 22:00:04.843,INTEGRATION_SERVER_REQUEST,urmc,"{'defaultQueueId': None, 'query': {}, 'queueName': 'Urology'}",e4dd9ed6-76e8-4106-bfb7-14355133ed66,ARE_LIVECHAT_AGENTS_ONLINE,6ea939c99252fd8d2b84582660f85fe69c4a6877 urmc-d7b76ab58052fc65932cbb27caa4ced2,585
be6a22e7-3d06-4237-afce-c3ea88c1c466,08fd0ad8-b8bd-4c6d-a1bf-c381dbe24b4d,33,"{'botKey': 'urmc', 'data': {'defaultQueueId': None, 'query': {}, 'queueName': 'Urology'}, 'integrationId': 'e4dd9ed6-76e8-4106-bfb7-14355133ed66', 'method': 'ARE_LIVECHAT_AGENTS_ONLINE', 'nluEngineVersion': '6ea939c99252fd8d2b84582660f85fe69c4a6877 urmc-d7b76ab58052fc65932cbb27caa4ced2', 'requestLatency': 161}",670ec6ed4031c12e658e6c42,2024-10-15 22:47:57.772,INTEGRATION_SERVER_REQUEST,urmc,"{'defaultQueueId': None, 'query': {}, 'queueName': 'Urology'}",e4dd9ed6-76e8-4106-bfb7-14355133ed66,ARE_LIVECHAT_AGENTS_ONLINE,6ea939c99252fd8d2b84582660f85fe69c4a6877 urmc-d7b76ab58052fc65932cbb27caa4ced2,161
b5199ff7-d026-4679-aaf5-694b6c598d9f,08fd0ad8-b8bd-4c6d-a1bf-c381dbe24b4d,90,"{'botKey': 'urmc', 'data': {'defaultQueueId': None, 'query': {}, 'queueName': 'Urology'}, 'integrationId': 'e4dd9ed6-76e8-4106-bfb7-14355133ed66', 'method': 'ARE_LIVECHAT_AGENTS_ONLINE', 'nluEngineVersion': '0668b4298420020a85dadd5a28482c463c374e23 urmc-d7b76ab58052fc65932cbb27caa4ced2', 'requestLatency': 109}",670e85d1c6d56ea4415cb9d7,2024-10-15 18:10:09.395,INTEGRATION_SERVER_REQUEST,urmc,"{'defaultQueueId': None, 'query': {}, 'queueName': 'Urology'}",e4dd9ed6-76e8-4106-bfb7-14355133ed66,ARE_LIVECHAT_AGENTS_ONLINE,0668b4298420020a85dadd5a28482c463c374e23 urmc-d7b76ab58052fc65932cbb27caa4ced2,109
f9025793-df3c-4d4e-b9ed-2dd15a337251,08fd0ad8-b8bd-4c6d-a1bf-c381dbe24b4d,32,"{'botKey': 'urmc', 'data': {'defaultQueueId': None, 'query': {}, 'queueName': 'Air'}, 'integrationId': 'e4dd9ed6-76e8-4106-bfb7-14355133ed66', 'method': 'ARE_LIVECHAT_AGENTS_ONLINE', 'nluEngineVersion': 'a6f109567b9d330e351f52437db72c06ebe694f2 urmc-f95578ec092932482f95a0d3fdaedaa8', 'requestLatency': 212}",67054b0d4f3c05168c76e46c,2024-10-08 18:09:01.160,INTEGRATION_SERVER_REQUEST,urmc,"{'defaultQueueId': None, 'query': {}, 'queueName': 'Air'}",e4dd9ed6-76e8-4106-bfb7-14355133ed66,ARE_LIVECHAT_AGENTS_ONLINE,a6f109567b9d330e351f52437db72c06ebe694f2 urmc-f95578ec092932482f95a0d3fdaedaa8,212
3e7519e6-f5ad-4c54-81c8-8fc6ddc3dd1d,08fd0ad8-b8bd-4c6d-a1bf-c381dbe24b4d,49,"{'botKey': 'urmc', 'data': {'defaultQueueId': None, 'query': {}, 'queueName': 'Urology'}, 'integrationId': 'e4dd9ed6-76e8-4106-bfb7-14355133ed66', 'method': 'ARE_LIVECHAT_AGENTS_ONLINE', 'nluEngineVersion': 'a6f109567b9d330e351f52437db72c06ebe694f2 urmc-f95578ec092932482f95a0d3fdaedaa8', 'requestLatency': 244}",670553407673c82f42662120,2024-10-08 18:44:00.791,INTEGRATION_SERVER_REQUEST,urmc,"{'defaultQueueId': None, 'query': {}, 'queueName': 'Urology'}",e4dd9ed6-76e8-4106-bfb7-14355133ed66,ARE_LIVECHAT_AGENTS_ONLINE,a6f109567b9d330e351f52437db72c06ebe694f2 urmc-f95578ec092932482f95a0d3fdaedaa8,244
8a0cda1f-5b2f-4ca5-80b6-b6af3f19b1c3,08fd0ad8-b8bd-4c6d-a1bf-c381dbe24b4d,40,"{'botKey': 'urmc', 'data': {'defaultQueueId': None, 'query': {}, 'queueName': 'Urology'}, 'integrationId': 'e4dd9ed6-76e8-4106-bfb7-14355133ed66', 'method': 'ARE_LIVECHAT_AGENTS_ONLINE', 'nluEngineVersion': 'a6f109567b9d330e351f52437db72c06ebe694f2 urmc-f95578ec092932482f95a0d3fdaedaa8', 'requestLatency': 494}",67054d0914519701d6ddada3,2024-10-08 18:17:29.005,INTEGRATION_SERVER_REQUEST,urmc,"{'defaultQueueId': None, 'query': {}, 'queueName': 'Urology'}",e4dd9ed6-76e8-4106-bfb7-14355133ed66,ARE_LIVECHAT_AGENTS_ONLINE,a6f109567b9d330e351f52437db72c06ebe694f2 urmc-f95578ec092932482f95a0d3fdaedaa8,494
30d5a0a2-6ab6-4bb9-9fd7-21df54c79301,08fd0ad8-b8bd-4c6d-a1bf-c381dbe24b4d,37,"{'botKey': 'urmc', 'data': {'defaultQueueId': None, 'query': {}, 'queueName': 'Urology'}, 'integrationId': 'e4dd9ed6-76e8-4106-bfb7-14355133ed66', 'method': 'ARE_LIVECHAT_AGENTS_ONLINE', 'nluEngineVersion': 'a6f109567b9d330e351f52437db72c06ebe694f2 urmc-f95578ec092932482f95a0d3fdaedaa8', 'requestLatency': 175}",670575c74f3c05168c79895e,2024-10-08 21:11:19.976,INTEGRATION_SERVER_REQUEST,urmc,"{'defaultQueueId': None, 'query': {}, 'queueName': 'Urology'}",e4dd9ed6-76e8-4106-bfb7-14355133ed66,ARE_LIVECHAT_AGENTS_ONLINE,a6f109567b9d330e351f52437db72c06ebe694f2 urmc-f95578ec092932482f95a0d3fdaedaa8,175
db0e6c8a-410d-4b73-abbf-84d1f7cf141c,08fd0ad8-b8bd-4c6d-a1bf-c381dbe24b4d,33,"{'botKey': 'urmc', 'data': {'defaultQueueId': None, 'query': {}, 'queueName': 'Urology'}, 'integrationId': 'e4dd9ed6-76e8-4106-bfb7-14355133ed66', 'method': 'ARE_LIVECHAT_AGENTS_ONLINE', 'nluEngineVersion': 'a6f109567b9d330e351f52437db72c06ebe694f2 urmc-f95578ec092932482f95a0d3fdaedaa8', 'requestLatency': 160}",6705873b0f278e6ab116fbf1,2024-10-08 22:25:47.033,INTEGRATION_SERVER_REQUEST,urmc,"{'defaultQueueId': None, 'query': {}, 'queueName': 'Urology'}",e4dd9ed6-76e8-4106-bfb7-14355133ed66,ARE_LIVECHAT_AGENTS_ONLINE,a6f109567b9d330e351f52437db72c06ebe694f2 urmc-f95578ec092932482f95a0d3fdaedaa8,160
09563bfb-8e66-4a75-8439-cdff94ef3afa,08fd0ad8-b8bd-4c6d-a1bf-c381dbe24b4d,104,"{'botKey': 'urmc', 'data': {'defaultQueueId': None, 'query': {}, 'queueName': 'Urology'}, 'integrationId': 'e4dd9ed6-76e8-4106-bfb7-14355133ed66', 'method': 'ARE_LIVECHAT_AGENTS_ONLINE', 'nluEngineVersion': 'a6f109567b9d330e351f52437db72c06ebe694f2 urmc-f95578ec092932482f95a0d3fdaedaa8', 'requestLatency': 244}",67057ffc7673c82f4268d4fc,2024-10-08 21:54:52.540,INTEGRATION_SERVER_REQUEST,urmc,"{'defaultQueueId': None, 'query': {}, 'queueName': 'Urology'}",e4dd9ed6-76e8-4106-bfb7-14355133ed66,ARE_LIVECHAT_AGENTS_ONLINE,a6f109567b9d330e351f52437db72c06ebe694f2 urmc-f95578ec092932482f95a0d3fdaedaa8,244
ff3bc71f-5103-4fb6-8e4d-720fda321e96,08fd0ad8-b8bd-4c6d-a1bf-c381dbe24b4d,39,"{'botKey': 'urmc', 'data': {'defaultQueueId': None, 'query': {}, 'queueName': 'Urology'}, 'integrationId': 'e4dd9ed6-76e8-4106-bfb7-14355133ed66', 'method': 'ARE_LIVECHAT_AGENTS_ONLINE', 'nluEngineVersion': 'a6f109567b9d330e351f52437db72c06ebe694f2 urmc-f95578ec092932482f95a0d3fdaedaa8', 'requestLatency': 144}",67054c854f3c05168c76fe67,2024-10-08 18:15:17.337,INTEGRATION_SERVER_REQUEST,urmc,"{'defaultQueueId': None, 'query': {}, 'queueName': 'Urology'}",e4dd9ed6-76e8-4106-bfb7-14355133ed66,ARE_LIVECHAT_AGENTS_ONLINE,a6f109567b9d330e351f52437db72c06ebe694f2 urmc-f95578ec092932482f95a0d3fdaedaa8,144
0d856495-0e84-4650-afeb-62169821d435,08fd0ad8-b8bd-4c6d-a1bf-c381dbe24b4d,34,"{'botKey': 'urmc', 'data': {'defaultQueueId': None, 'query': {}, 'queueName': 'Air'}, 'integrationId': 'e4dd9ed6-76e8-4106-bfb7-14355133ed66', 'method': 'ARE_LIVECHAT_AGENTS_ONLINE', 'nluEngineVersion': 'a6f109567b9d330e351f52437db72c06ebe694f2 urmc-f95578ec092932482f95a0d3fdaedaa8', 'requestLatency': 150}",67056e747673c82f4267c8ca,2024-10-08 20:40:04.629,INTEGRATION_SERVER_REQUEST,urmc,"{'defaultQueueId': None, 'query': {}, 'queueName': 'Air'}",e4dd9ed6-76e8-4106-bfb7-14355133ed66,ARE_LIVECHAT_AGENTS_ONLINE,a6f109567b9d330e351f52437db72c06ebe694f2 urmc-f95578ec092932482f95a0d3fdaedaa8,150
c6be77db-0c7f-43a7-8780-6d8ecb10e86b,08fd0ad8-b8bd-4c6d-a1bf-c381dbe24b4d,26,"{'botKey': 'urmc', 'data': {'defaultQueueId': None, 'query': {}, 'queueName': 'Urology'}, 'integrationId': 'e4dd9ed6-76e8-4106-bfb7-14355133ed66', 'method': 'ARE_LIVECHAT_AGENTS_ONLINE', 'nluEngineVersion': 'e04547ebabc1ce823670359ac9eb2f882eac7a1c urmc-0bbf8416e2dffb4d5af60416f6e94ed5', 'requestLatency': 351}",6706d73214519701d6f0240b,2024-10-09 22:19:14.057,INTEGRATION_SERVER_REQUEST,urmc,"{'defaultQueueId': None, 'query': {}, 'queueName': 'Urology'}",e4dd9ed6-76e8-4106-bfb7-14355133ed66,ARE_LIVECHAT_AGENTS_ONLINE,e04547ebabc1ce823670359ac9eb2f882eac7a1c urmc-0bbf8416e2dffb4d5af60416f6e94ed5,351
7824d52f-b8d4-4faf-9c0b-b4a4536affbf,08fd0ad8-b8bd-4c6d-a1bf-c381dbe24b4d,39,"{'botKey': 'urmc', 'data': {'defaultQueueId': None, 'query': {}, 'queueName': 'Urology'}, 'integrationId': 'e4dd9ed6-76e8-4106-bfb7-14355133ed66', 'method': 'ARE_LIVECHAT_AGENTS_ONLINE', 'nluEngineVersion': '9fa39a7450e451c50af6cd065449a16961ff1eff urmc-0bbf8416e2dffb4d5af60416f6e94ed5', 'requestLatency': 286}",670679d714519701d6ea7116,2024-10-09 15:40:55.771,INTEGRATION_SERVER_REQUEST,urmc,"{'defaultQueueId': None, 'query': {}, 'queueName': 'Urology'}",e4dd9ed6-76e8-4106-bfb7-14355133ed66,ARE_LIVECHAT_AGENTS_ONLINE,9fa39a7450e451c50af6cd065449a16961ff1eff urmc-0bbf8416e2dffb4d5af60416f6e94ed5,286
b0a095a0-9a72-4cdb-884d-c065eafb3a54,08fd0ad8-b8bd-4c6d-a1bf-c381dbe24b4d,68,"{'botKey': 'urmc', 'data': {'defaultQueueId': None, 'query': {}, 'queueName': 'Urology'}, 'integrationId': 'e4dd9ed6-76e8-4106-bfb7-14355133ed66', 'method': 'ARE_LIVECHAT_AGENTS_ONLINE', 'nluEngineVersion': '9fa39a7450e451c50af6cd065449a16961ff1eff urmc-0bbf8416e2dffb4d5af60416f6e94ed5', 'requestLatency': 282}",670683627673c82f42731f38,2024-10-09 16:21:38.981,INTEGRATION_SERVER_REQUEST,urmc,"{'defaultQueueId': None, 'query': {}, 'queueName': 'Urology'}",e4dd9ed6-76e8-4106-bfb7-14355133ed66,ARE_LIVECHAT_AGENTS_ONLINE,9fa39a7450e451c50af6cd065449a16961ff1eff urmc-0bbf8416e2dffb4d5af60416f6e94ed5,282
228212a6-56b6-4f69-8037-5b21e71124ac,08fd0ad8-b8bd-4c6d-a1bf-c381dbe24b4d,47,"{'botKey': 'urmc', 'data': {'defaultQueueId': None, 'query': {}, 'queueName': 'Urology'}, 'integrationId': 'e4dd9ed6-76e8-4106-bfb7-14355133ed66', 'method': 'ARE_LIVECHAT_AGENTS_ONLINE', 'nluEngineVersion': 'e04547ebabc1ce823670359ac9eb2f882eac7a1c urmc-0bbf8416e2dffb4d5af60416f6e94ed5', 'requestLatency': 185}",6706cb6d9a99212463d12d08,2024-10-09 21:29:01.434,INTEGRATION_SERVER_REQUEST,urmc,"{'defaultQueueId': None, 'query': {}, 'queueName': 'Urology'}",e4dd9ed6-76e8-4106-bfb7-14355133ed66,ARE_LIVECHAT_AGENTS_ONLINE,e04547ebabc1ce823670359ac9eb2f882eac7a1c urmc-0bbf8416e2dffb4d5af60416f6e94ed5,185
bd0f17f9-67bc-4f2f-bb5b-2b7aff5a957c,08fd0ad8-b8bd-4c6d-a1bf-c381dbe24b4d,26,"{'botKey': 'urmc', 'data': {'defaultQueueId': None, 'query': {}, 'queueName': 'Urology'}, 'integrationId': 'e4dd9ed6-76e8-4106-bfb7-14355133ed66', 'method': 'ARE_LIVECHAT_AGENTS_ONLINE', 'nluEngineVersion': '7c8aa7cf05639bb2edb7c225a6aa00c85537c812 urmc-b36d458c4b00d2be35abe2d4d99f8ef6', 'requestLatency': 292}",670962c68b7dd681e9347204,2024-10-11 20:39:18.845,INTEGRATION_SERVER_REQUEST,urmc,"{'defaultQueueId': None, 'query': {}, 'queueName': 'Urology'}",e4dd9ed6-76e8-4106-bfb7-14355133ed66,ARE_LIVECHAT_AGENTS_ONLINE,7c8aa7cf05639bb2edb7c225a6aa00c85537c812 urmc-b36d458c4b00d2be35abe2d4d99f8ef6,292
339bc342-cc30-4748-b3b5-c1172f3a2c86,08fd0ad8-b8bd-4c6d-a1bf-c381dbe24b4d,35,"{'botKey': 'urmc', 'data': {'defaultQueueId': None, 'query': {}, 'queueName': 'Urology'}, 'integrationId': 'e4dd9ed6-76e8-4106-bfb7-14355133ed66', 'method': 'ARE_LIVECHAT_AGENTS_ONLINE', 'nluEngineVersion': '7c8aa7cf05639bb2edb7c225a6aa00c85537c812 urmc-b36d458c4b00d2be35abe2d4d99f8ef6', 'requestLatency': 472}",670925f826d0feb902ccb874,2024-10-11 16:19:52.914,INTEGRATION_SERVER_REQUEST,urmc,"{'defaultQueueId': None, 'query': {}, 'queueName': 'Urology'}",e4dd9ed6-76e8-4106-bfb7-14355133ed66,ARE_LIVECHAT_AGENTS_ONLINE,7c8aa7cf05639bb2edb7c225a6aa00c85537c812 urmc-b36d458c4b00d2be35abe2d4d99f8ef6,472
16ebf895-cf39-4e99-bab2-595c640a12b9,08fd0ad8-b8bd-4c6d-a1bf-c381dbe24b4d,37,"{'botKey': 'urmc', 'data': {'defaultQueueId': None, 'query': {}, 'queueName': 'Urology'}, 'integrationId': 'e4dd9ed6-76e8-4106-bfb7-14355133ed66', 'method': 'ARE_LIVECHAT_AGENTS_ONLINE', 'nluEngineVersion': '65d388268f9c81a5fb065f9cf8445d04396053ce urmc-480f4182e6c89e0232888471a5937803', 'requestLatency': 164}",67003e22da6a1c1483240498,2024-10-04 22:12:34.357,INTEGRATION_SERVER_REQUEST,urmc,"{'defaultQueueId': None, 'query': {}, 'queueName': 'Urology'}",e4dd9ed6-76e8-4106-bfb7-14355133ed66,ARE_LIVECHAT_AGENTS_ONLINE,65d388268f9c81a5fb065f9cf8445d04396053ce urmc-480f4182e6c89e0232888471a5937803,164
23b6e26f-c93c-408b-8977-bc6cba8d5805,08fd0ad8-b8bd-4c6d-a1bf-c381dbe24b4d,84,"{'botKey': 'urmc', 'data': {'defaultQueueId': None, 'query': {}, 'queueName': 'Urology'}, 'integrationId': 'e4dd9ed6-76e8-4106-bfb7-14355133ed66', 'method': 'ARE_LIVECHAT_AGENTS_ONLINE', 'nluEngineVersion': '65d388268f9c81a5fb065f9cf8445d04396053ce urmc-480f4182e6c89e0232888471a5937803', 'requestLatency': 148}",66fff7ecce37c37834a809c7,2024-10-04 17:13:00.401,INTEGRATION_SERVER_REQUEST,urmc,"{'defaultQueueId': None, 'query': {}, 'queueName': 'Urology'}",e4dd9ed6-76e8-4106-bfb7-14355133ed66,ARE_LIVECHAT_AGENTS_ONLINE,65d388268f9c81a5fb065f9cf8445d04396053ce urmc-480f4182e6c89e0232888471a5937803,148
4bca2520-0c38-4b61-a01a-0fd0d7b1c173,08fd0ad8-b8bd-4c6d-a1bf-c381dbe24b4d,109,"{'botKey': 'urmc', 'data': {'defaultQueueId': None, 'query': {}, 'queueName': 'Air'}, 'integrationId': 'e4dd9ed6-76e8-4106-bfb7-14355133ed66', 'method': 'ARE_LIVECHAT_AGENTS_ONLINE', 'nluEngineVersion': '65d388268f9c81a5fb065f9cf8445d04396053ce urmc-480f4182e6c89e0232888471a5937803', 'requestLatency': 202}",67002cf4fd4c301deb1c9812,2024-10-04 20:59:16.182,INTEGRATION_SERVER_REQUEST,urmc,"{'defaultQueueId': None, 'query': {}, 'queueName': 'Air'}",e4dd9ed6-76e8-4106-bfb7-14355133ed66,ARE_LIVECHAT_AGENTS_ONLINE,65d388268f9c81a5fb065f9cf8445d04396053ce urmc-480f4182e6c89e0232888471a5937803,202
