CONVERSATION_ID,ASSISTANT_ID,EVENT_POSITION,eventData,eventId,timestamp,typeOfEvent,data,nluEngineVersion,requestLatency
5d0c9f7d-f96e-45ad-a0e7-06975ff5965a,08fd0ad8-b8bd-4c6d-a1bf-c381dbe24b4d,71,"{'data': {'areAgentsOnline': True, 'query': {}, 'status': 'SUCCESS', 'type': 'analytics'}, 'nluEngineVersion': 'e04547ebabc1ce823670359ac9eb2f882eac7a1c urmc-0bbf8416e2dffb4d5af60416f6e94ed5', 'requestLatency': 295}",6706de3514519701d6f08aa4,2024-10-09 22:49:09.607,LIVE_CHAT_AGENTS_AVAILABILITY,"{'areAgentsOnline': True, 'query': {}, 'status': 'SUCCESS', 'type': 'analytics'}",e04547ebabc1ce823670359ac9eb2f882eac7a1c urmc-0bbf8416e2dffb4d5af60416f6e94ed5,295
7cdfb076-b0d3-43e7-89ef-1313104f1bdb,08fd0ad8-b8bd-4c6d-a1bf-c381dbe24b4d,61,"{'data': {'areAgentsOnline': True, 'query': {}, 'status': 'SUCCESS', 'type': 'analytics'}, 'nluEngineVersion': '9fa39a7450e451c50af6cd065449a16961ff1eff urmc-0bbf8416e2dffb4d5af60416f6e94ed5', 'requestLatency': 427}",67067d5e7673c82f4272c9b1,2024-10-09 15:55:58.738,LIVE_CHAT_AGENTS_AVAILABILITY,"{'areAgentsOnline': True, 'query': {}, 'status': 'SUCCESS', 'type': 'analytics'}",9fa39a7450e451c50af6cd065449a16961ff1eff urmc-0bbf8416e2dffb4d5af60416f6e94ed5,427
b4774e52-b5c9-4153-961e-0639d7a88142,08fd0ad8-b8bd-4c6d-a1bf-c381dbe24b4d,75,"{'data': {'areAgentsOnline': True, 'query': {}, 'status': 'SUCCESS', 'type': 'analytics'}, 'nluEngineVersion': '9fa39a7450e451c50af6cd065449a16961ff1eff urmc-0bbf8416e2dffb4d5af60416f6e94ed5', 'requestLatency': 96}",67067cc114519701d6ea96dc,2024-10-09 15:53:21.747,LIVE_CHAT_AGENTS_AVAILABILITY,"{'areAgentsOnline': True, 'query': {}, 'status': 'SUCCESS', 'type': 'analytics'}",9fa39a7450e451c50af6cd065449a16961ff1eff urmc-0bbf8416e2dffb4d5af60416f6e94ed5,96
b4774e52-b5c9-4153-961e-0639d7a88142,08fd0ad8-b8bd-4c6d-a1bf-c381dbe24b4d,372,"{'data': {'areAgentsOnline': True, 'query': {}, 'status': 'SUCCESS', 'type': 'analytics'}, 'nluEngineVersion': '9fa39a7450e451c50af6cd065449a16961ff1eff urmc-0bbf8416e2dffb4d5af60416f6e94ed5', 'requestLatency': 168}",670683b314519701d6eafa41,2024-10-09 16:22:59.909,LIVE_CHAT_AGENTS_AVAILABILITY,"{'areAgentsOnline': True, 'query': {}, 'status': 'SUCCESS', 'type': 'analytics'}",9fa39a7450e451c50af6cd065449a16961ff1eff urmc-0bbf8416e2dffb4d5af60416f6e94ed5,168
b4774e52-b5c9-4153-961e-0639d7a88142,08fd0ad8-b8bd-4c6d-a1bf-c381dbe24b4d,387,"{'data': {'areAgentsOnline': True, 'query': {}, 'status': 'SUCCESS', 'type': 'analytics'}, 'nluEngineVersion': '9fa39a7450e451c50af6cd065449a16961ff1eff urmc-0bbf8416e2dffb4d5af60416f6e94ed5', 'requestLatency': 333}",670683b414519701d6eafa51,2024-10-09 16:23:00.090,LIVE_CHAT_AGENTS_AVAILABILITY,"{'areAgentsOnline': True, 'query': {}, 'status': 'SUCCESS', 'type': 'analytics'}",9fa39a7450e451c50af6cd065449a16961ff1eff urmc-0bbf8416e2dffb4d5af60416f6e94ed5,333
b4774e52-b5c9-4153-961e-0639d7a88142,08fd0ad8-b8bd-4c6d-a1bf-c381dbe24b4d,407,"{'data': {'areAgentsOnline': False, 'query': {}, 'status': 'SUCCESS', 'type': 'analytics'}, 'nluEngineVersion': '9fa39a7450e451c50af6cd065449a16961ff1eff urmc-0bbf8416e2dffb4d5af60416f6e94ed5', 'requestLatency': 165}",670683b514519701d6eafa7d,2024-10-09 16:23:01.790,LIVE_CHAT_AGENTS_AVAILABILITY,"{'areAgentsOnline': False, 'query': {}, 'status': 'SUCCESS', 'type': 'analytics'}",9fa39a7450e451c50af6cd065449a16961ff1eff urmc-0bbf8416e2dffb4d5af60416f6e94ed5,165
b4774e52-b5c9-4153-961e-0639d7a88142,08fd0ad8-b8bd-4c6d-a1bf-c381dbe24b4d,411,"{'data': {'areAgentsOnline': True, 'query': {}, 'status': 'SUCCESS', 'type': 'analytics'}, 'nluEngineVersion': '9fa39a7450e451c50af6cd065449a16961ff1eff urmc-0bbf8416e2dffb4d5af60416f6e94ed5', 'requestLatency': 2166}",670683b514519701d6eafa83,2024-10-09 16:23:01.907,LIVE_CHAT_AGENTS_AVAILABILITY,"{'areAgentsOnline': True, 'query': {}, 'status': 'SUCCESS', 'type': 'analytics'}",9fa39a7450e451c50af6cd065449a16961ff1eff urmc-0bbf8416e2dffb4d5af60416f6e94ed5,2166
b4774e52-b5c9-4153-961e-0639d7a88142,08fd0ad8-b8bd-4c6d-a1bf-c381dbe24b4d,417,"{'data': {'areAgentsOnline': False, 'query': {}, 'status': 'SUCCESS', 'type': 'analytics'}, 'nluEngineVersion': '9fa39a7450e451c50af6cd065449a16961ff1eff urmc-0bbf8416e2dffb4d5af60416f6e94ed5', 'requestLatency': 311}",670683b514519701d6eafa86,2024-10-09 16:23:01.935,LIVE_CHAT_AGENTS_AVAILABILITY,"{'areAgentsOnline': False, 'query': {}, 'status': 'SUCCESS', 'type': 'analytics'}",9fa39a7450e451c50af6cd065449a16961ff1eff urmc-0bbf8416e2dffb4d5af60416f6e94ed5,311
b4774e52-b5c9-4153-961e-0639d7a88142,08fd0ad8-b8bd-4c6d-a1bf-c381dbe24b4d,430,"{'data': {'areAgentsOnline': False, 'query': {}, 'status': 'SUCCESS', 'type': 'analytics'}, 'nluEngineVersion': '9fa39a7450e451c50af6cd065449a16961ff1eff urmc-0bbf8416e2dffb4d5af60416f6e94ed5', 'requestLatency': 595}",670683b614519701d6eafa9b,2024-10-09 16:23:02.219,LIVE_CHAT_AGENTS_AVAILABILITY,"{'areAgentsOnline': False, 'query': {}, 'status': 'SUCCESS', 'type': 'analytics'}",9fa39a7450e451c50af6cd065449a16961ff1eff urmc-0bbf8416e2dffb4d5af60416f6e94ed5,595
b4774e52-b5c9-4153-961e-0639d7a88142,08fd0ad8-b8bd-4c6d-a1bf-c381dbe24b4d,440,"{'data': {'areAgentsOnline': False, 'query': {}, 'status': 'SUCCESS', 'type': 'analytics'}, 'nluEngineVersion': '9fa39a7450e451c50af6cd065449a16961ff1eff urmc-0bbf8416e2dffb4d5af60416f6e94ed5', 'requestLatency': 60}",670683bc14519701d6eafb10,2024-10-09 16:23:08.745,LIVE_CHAT_AGENTS_AVAILABILITY,"{'areAgentsOnline': False, 'query': {}, 'status': 'SUCCESS', 'type': 'analytics'}",9fa39a7450e451c50af6cd065449a16961ff1eff urmc-0bbf8416e2dffb4d5af60416f6e94ed5,60
b4774e52-b5c9-4153-961e-0639d7a88142,08fd0ad8-b8bd-4c6d-a1bf-c381dbe24b4d,450,"{'data': {'areAgentsOnline': False, 'query': {}, 'status': 'SUCCESS', 'type': 'analytics'}, 'nluEngineVersion': '9fa39a7450e451c50af6cd065449a16961ff1eff urmc-0bbf8416e2dffb4d5af60416f6e94ed5', 'requestLatency': 133}",670683bc14519701d6eafb22,2024-10-09 16:23:08.822,LIVE_CHAT_AGENTS_AVAILABILITY,"{'areAgentsOnline': False, 'query': {}, 'status': 'SUCCESS', 'type': 'analytics'}",9fa39a7450e451c50af6cd065449a16961ff1eff urmc-0bbf8416e2dffb4d5af60416f6e94ed5,133
b4774e52-b5c9-4153-961e-0639d7a88142,08fd0ad8-b8bd-4c6d-a1bf-c381dbe24b4d,451,"{'data': {'areAgentsOnline': False, 'query': {}, 'status': 'SUCCESS', 'type': 'analytics'}, 'nluEngineVersion': '9fa39a7450e451c50af6cd065449a16961ff1eff urmc-0bbf8416e2dffb4d5af60416f6e94ed5', 'requestLatency': 133}",670683bc14519701d6eafb1d,2024-10-09 16:23:08.822,LIVE_CHAT_AGENTS_AVAILABILITY,"{'areAgentsOnline': False, 'query': {}, 'status': 'SUCCESS', 'type': 'analytics'}",9fa39a7450e451c50af6cd065449a16961ff1eff urmc-0bbf8416e2dffb4d5af60416f6e94ed5,133
b4774e52-b5c9-4153-961e-0639d7a88142,08fd0ad8-b8bd-4c6d-a1bf-c381dbe24b4d,466,"{'data': {'areAgentsOnline': True, 'query': {}, 'status': 'SUCCESS', 'type': 'analytics'}, 'nluEngineVersion': '9fa39a7450e451c50af6cd065449a16961ff1eff urmc-0bbf8416e2dffb4d5af60416f6e94ed5', 'requestLatency': 290}",670683bd14519701d6eafb33,2024-10-09 16:23:09.124,LIVE_CHAT_AGENTS_AVAILABILITY,"{'areAgentsOnline': True, 'query': {}, 'status': 'SUCCESS', 'type': 'analytics'}",9fa39a7450e451c50af6cd065449a16961ff1eff urmc-0bbf8416e2dffb4d5af60416f6e94ed5,290
b4774e52-b5c9-4153-961e-0639d7a88142,08fd0ad8-b8bd-4c6d-a1bf-c381dbe24b4d,474,"{'data': {'areAgentsOnline': True, 'query': {}, 'status': 'SUCCESS', 'type': 'analytics'}, 'nluEngineVersion': '9fa39a7450e451c50af6cd065449a16961ff1eff urmc-0bbf8416e2dffb4d5af60416f6e94ed5', 'requestLatency': 342}",670683bd14519701d6eafb39,2024-10-09 16:23:09.169,LIVE_CHAT_AGENTS_AVAILABILITY,"{'areAgentsOnline': True, 'query': {}, 'status': 'SUCCESS', 'type': 'analytics'}",9fa39a7450e451c50af6cd065449a16961ff1eff urmc-0bbf8416e2dffb4d5af60416f6e94ed5,342
b4774e52-b5c9-4153-961e-0639d7a88142,08fd0ad8-b8bd-4c6d-a1bf-c381dbe24b4d,475,"{'data': {'areAgentsOnline': True, 'query': {}, 'status': 'SUCCESS', 'type': 'analytics'}, 'nluEngineVersion': '9fa39a7450e451c50af6cd065449a16961ff1eff urmc-0bbf8416e2dffb4d5af60416f6e94ed5', 'requestLatency': 342}",670683bd14519701d6eafb3c,2024-10-09 16:23:09.169,LIVE_CHAT_AGENTS_AVAILABILITY,"{'areAgentsOnline': True, 'query': {}, 'status': 'SUCCESS', 'type': 'analytics'}",9fa39a7450e451c50af6cd065449a16961ff1eff urmc-0bbf8416e2dffb4d5af60416f6e94ed5,342
fdb7d2b9-cd17-424e-801d-f0ec562fc792,08fd0ad8-b8bd-4c6d-a1bf-c381dbe24b4d,47,"{'data': {'areAgentsOnline': True, 'query': {}, 'status': 'SUCCESS', 'type': 'analytics'}, 'nluEngineVersion': 'e04547ebabc1ce823670359ac9eb2f882eac7a1c urmc-0bbf8416e2dffb4d5af60416f6e94ed5', 'requestLatency': 337}",6706b72af480fd5383ab2e74,2024-10-09 20:02:34.193,LIVE_CHAT_AGENTS_AVAILABILITY,"{'areAgentsOnline': True, 'query': {}, 'status': 'SUCCESS', 'type': 'analytics'}",e04547ebabc1ce823670359ac9eb2f882eac7a1c urmc-0bbf8416e2dffb4d5af60416f6e94ed5,337
85620fb5-605b-4788-a1ef-d518156d0ec4,08fd0ad8-b8bd-4c6d-a1bf-c381dbe24b4d,40,"{'data': {'areAgentsOnline': True, 'query': {}, 'status': 'SUCCESS', 'type': 'analytics'}, 'nluEngineVersion': '9fa39a7450e451c50af6cd065449a16961ff1eff urmc-0bbf8416e2dffb4d5af60416f6e94ed5', 'requestLatency': 121}",670691479a99212463cd5ea3,2024-10-09 17:20:55.934,LIVE_CHAT_AGENTS_AVAILABILITY,"{'areAgentsOnline': True, 'query': {}, 'status': 'SUCCESS', 'type': 'analytics'}",9fa39a7450e451c50af6cd065449a16961ff1eff urmc-0bbf8416e2dffb4d5af60416f6e94ed5,121
456219e6-98ae-42ec-9294-06576c993535,08fd0ad8-b8bd-4c6d-a1bf-c381dbe24b4d,51,"{'data': {'areAgentsOnline': True, 'query': {}, 'status': 'SUCCESS', 'type': 'analytics'}, 'nluEngineVersion': 'e04547ebabc1ce823670359ac9eb2f882eac7a1c urmc-0bbf8416e2dffb4d5af60416f6e94ed5', 'requestLatency': 133}",6706c4907673c82f42773ab2,2024-10-09 20:59:44.659,LIVE_CHAT_AGENTS_AVAILABILITY,"{'areAgentsOnline': True, 'query': {}, 'status': 'SUCCESS', 'type': 'analytics'}",e04547ebabc1ce823670359ac9eb2f882eac7a1c urmc-0bbf8416e2dffb4d5af60416f6e94ed5,133
0dfce152-cf44-4df1-8574-450a64972014,08fd0ad8-b8bd-4c6d-a1bf-c381dbe24b4d,40,"{'data': {'areAgentsOnline': True, 'query': {}, 'status': 'SUCCESS', 'type': 'analytics'}, 'nluEngineVersion': '65d388268f9c81a5fb065f9cf8445d04396053ce urmc-480f4182e6c89e0232888471a5937803', 'requestLatency': 170}",6700120755f202ce262192fb,2024-10-04 19:04:23.660,LIVE_CHAT_AGENTS_AVAILABILITY,"{'areAgentsOnline': True, 'query': {}, 'status': 'SUCCESS', 'type': 'analytics'}",65d388268f9c81a5fb065f9cf8445d04396053ce urmc-480f4182e6c89e0232888471a5937803,170
47db429f-a6dd-43c9-b15f-fd6152d7980a,08fd0ad8-b8bd-4c6d-a1bf-c381dbe24b4d,51,"{'data': {'areAgentsOnline': True, 'query': {}, 'status': 'SUCCESS', 'type': 'analytics'}, 'nluEngineVersion': '65d388268f9c81a5fb065f9cf8445d04396053ce urmc-480f4182e6c89e0232888471a5937803', 'requestLatency': 518}",67003417da6a1c1483238299,2024-10-04 21:29:43.681,LIVE_CHAT_AGENTS_AVAILABILITY,"{'areAgentsOnline': True, 'query': {}, 'status': 'SUCCESS', 'type': 'analytics'}",65d388268f9c81a5fb065f9cf8445d04396053ce urmc-480f4182e6c89e0232888471a5937803,518
85fc1a40-5a42-44de-b182-79a4f17a2ee5,08fd0ad8-b8bd-4c6d-a1bf-c381dbe24b4d,33,"{'data': {'areAgentsOnline': True, 'query': {}, 'status': 'SUCCESS', 'type': 'analytics'}, 'nluEngineVersion': '65d388268f9c81a5fb065f9cf8445d04396053ce urmc-6a3114572dffb9b823623fc3281cb224', 'requestLatency': 264}",66fd9fa24a29b75ae49b0b92,2024-10-02 22:31:46.804,LIVE_CHAT_AGENTS_AVAILABILITY,"{'areAgentsOnline': True, 'query': {}, 'status': 'SUCCESS', 'type': 'analytics'}",65d388268f9c81a5fb065f9cf8445d04396053ce urmc-6a3114572dffb9b823623fc3281cb224,264
618887fa-46c0-4f2c-930e-9e236f40a7a3,08fd0ad8-b8bd-4c6d-a1bf-c381dbe24b4d,33,"{'data': {'areAgentsOnline': True, 'query': {}, 'status': 'SUCCESS', 'type': 'analytics'}, 'nluEngineVersion': '65d388268f9c81a5fb065f9cf8445d04396053ce urmc-480f4182e6c89e0232888471a5937803', 'requestLatency': 261}",67000439da6a1c148320d39e,2024-10-04 18:05:29.618,LIVE_CHAT_AGENTS_AVAILABILITY,"{'areAgentsOnline': True, 'query': {}, 'status': 'SUCCESS', 'type': 'analytics'}",65d388268f9c81a5fb065f9cf8445d04396053ce urmc-480f4182e6c89e0232888471a5937803,261
5fb8d3c9-2e83-47b8-8e83-197f43011b23,08fd0ad8-b8bd-4c6d-a1bf-c381dbe24b4d,68,"{'data': {'areAgentsOnline': True, 'query': {}, 'status': 'SUCCESS', 'type': 'analytics'}, 'nluEngineVersion': '65d388268f9c81a5fb065f9cf8445d04396053ce urmc-480f4182e6c89e0232888471a5937803', 'requestLatency': 176}",67001548fd4c301deb1b5788,2024-10-04 19:18:16.807,LIVE_CHAT_AGENTS_AVAILABILITY,"{'areAgentsOnline': True, 'query': {}, 'status': 'SUCCESS', 'type': 'analytics'}",65d388268f9c81a5fb065f9cf8445d04396053ce urmc-480f4182e6c89e0232888471a5937803,176
4bcc1275-cfd7-4f94-ae3e-5b91a50350c2,08fd0ad8-b8bd-4c6d-a1bf-c381dbe24b4d,36,"{'data': {'areAgentsOnline': True, 'query': {}, 'status': 'SUCCESS', 'type': 'analytics'}, 'nluEngineVersion': '65d388268f9c81a5fb065f9cf8445d04396053ce urmc-6a3114572dffb9b823623fc3281cb224', 'requestLatency': 278}",66fd90e155f202ce2606b6eb,2024-10-02 21:28:49.424,LIVE_CHAT_AGENTS_AVAILABILITY,"{'areAgentsOnline': True, 'query': {}, 'status': 'SUCCESS', 'type': 'analytics'}",65d388268f9c81a5fb065f9cf8445d04396053ce urmc-6a3114572dffb9b823623fc3281cb224,278
8901081c-446c-440f-897f-93929f9e4813,08fd0ad8-b8bd-4c6d-a1bf-c381dbe24b4d,80,"{'data': {'areAgentsOnline': True, 'query': {}, 'status': 'SUCCESS', 'type': 'analytics'}, 'nluEngineVersion': '65d388268f9c81a5fb065f9cf8445d04396053ce urmc-6a3114572dffb9b823623fc3281cb224', 'requestLatency': 273}",66fd9d8a4a29b75ae49aef10,2024-10-02 22:22:50.252,LIVE_CHAT_AGENTS_AVAILABILITY,"{'areAgentsOnline': True, 'query': {}, 'status': 'SUCCESS', 'type': 'analytics'}",65d388268f9c81a5fb065f9cf8445d04396053ce urmc-6a3114572dffb9b823623fc3281cb224,273
4fc4b1e3-0388-476a-87d4-925fdf22c23f,08fd0ad8-b8bd-4c6d-a1bf-c381dbe24b4d,51,"{'data': {'areAgentsOnline': True, 'query': {}, 'status': 'SUCCESS', 'type': 'analytics'}, 'nluEngineVersion': '65d388268f9c81a5fb065f9cf8445d04396053ce urmc-6a3114572dffb9b823623fc3281cb224', 'requestLatency': 374}",66fd9eba55f202ce26075cdd,2024-10-02 22:27:54.562,LIVE_CHAT_AGENTS_AVAILABILITY,"{'areAgentsOnline': True, 'query': {}, 'status': 'SUCCESS', 'type': 'analytics'}",65d388268f9c81a5fb065f9cf8445d04396053ce urmc-6a3114572dffb9b823623fc3281cb224,374
2a19d0a2-65ad-4ea9-b72d-41f491995897,08fd0ad8-b8bd-4c6d-a1bf-c381dbe24b4d,43,"{'data': {'areAgentsOnline': True, 'query': {}, 'status': 'SUCCESS', 'type': 'analytics'}, 'nluEngineVersion': '65d388268f9c81a5fb065f9cf8445d04396053ce urmc-f8af18fcbc10a021a6068c79edd3e93f', 'requestLatency': 339}",66fd534955f202ce26033fed,2024-10-02 17:06:01.464,LIVE_CHAT_AGENTS_AVAILABILITY,"{'areAgentsOnline': True, 'query': {}, 'status': 'SUCCESS', 'type': 'analytics'}",65d388268f9c81a5fb065f9cf8445d04396053ce urmc-f8af18fcbc10a021a6068c79edd3e93f,339
0cf3f2b5-a7a0-499c-a1d8-f47936eae0c9,08fd0ad8-b8bd-4c6d-a1bf-c381dbe24b4d,63,"{'data': {'areAgentsOnline': True, 'query': {}, 'status': 'SUCCESS', 'type': 'analytics'}, 'nluEngineVersion': '65d388268f9c81a5fb065f9cf8445d04396053ce urmc-f8af18fcbc10a021a6068c79edd3e93f', 'requestLatency': 235}",66fd742555f202ce26052eb3,2024-10-02 19:26:13.189,LIVE_CHAT_AGENTS_AVAILABILITY,"{'areAgentsOnline': True, 'query': {}, 'status': 'SUCCESS', 'type': 'analytics'}",65d388268f9c81a5fb065f9cf8445d04396053ce urmc-f8af18fcbc10a021a6068c79edd3e93f,235
03e5298e-1c3f-443c-91e6-0e124a883c85,08fd0ad8-b8bd-4c6d-a1bf-c381dbe24b4d,48,"{'data': {'areAgentsOnline': True, 'query': {}, 'status': 'SUCCESS', 'type': 'analytics'}, 'nluEngineVersion': '65d388268f9c81a5fb065f9cf8445d04396053ce urmc-6a3114572dffb9b823623fc3281cb224', 'requestLatency': 170}",66fd8e5655f202ce2606932f,2024-10-02 21:17:58.846,LIVE_CHAT_AGENTS_AVAILABILITY,"{'areAgentsOnline': True, 'query': {}, 'status': 'SUCCESS', 'type': 'analytics'}",65d388268f9c81a5fb065f9cf8445d04396053ce urmc-6a3114572dffb9b823623fc3281cb224,170
018fca22-1115-4e34-bea5-c8e4c7b7b7c7,08fd0ad8-b8bd-4c6d-a1bf-c381dbe24b4d,135,"{'data': {'areAgentsOnline': True, 'query': {}, 'status': 'SUCCESS', 'type': 'analytics'}, 'nluEngineVersion': 'e1540ef6ef90a451708d44b77b7f914b18c92060 urmc-5acc02dcce4ca96fa36dc5578ebacdc1', 'requestLatency': 272}",67081b998529bdd2887d0cf4,2024-10-10 21:23:21.220,LIVE_CHAT_AGENTS_AVAILABILITY,"{'areAgentsOnline': True, 'query': {}, 'status': 'SUCCESS', 'type': 'analytics'}",e1540ef6ef90a451708d44b77b7f914b18c92060 urmc-5acc02dcce4ca96fa36dc5578ebacdc1,272
6de42711-f810-41bd-aa0d-6d4acf9d6b49,08fd0ad8-b8bd-4c6d-a1bf-c381dbe24b4d,33,"{'data': {'areAgentsOnline': True, 'query': {}, 'status': 'SUCCESS', 'type': 'analytics'}, 'nluEngineVersion': 'e1540ef6ef90a451708d44b77b7f914b18c92060 urmc-5acc02dcce4ca96fa36dc5578ebacdc1', 'requestLatency': 249}",67082ae98529bdd2887de185,2024-10-10 22:28:41.708,LIVE_CHAT_AGENTS_AVAILABILITY,"{'areAgentsOnline': True, 'query': {}, 'status': 'SUCCESS', 'type': 'analytics'}",e1540ef6ef90a451708d44b77b7f914b18c92060 urmc-5acc02dcce4ca96fa36dc5578ebacdc1,249
f31ef72a-ca89-4069-aafc-d2fad1072a55,08fd0ad8-b8bd-4c6d-a1bf-c381dbe24b4d,33,"{'data': {'areAgentsOnline': True, 'query': {}, 'status': 'SUCCESS', 'type': 'analytics'}, 'nluEngineVersion': 'e1540ef6ef90a451708d44b77b7f914b18c92060 urmc-5acc02dcce4ca96fa36dc5578ebacdc1', 'requestLatency': 319}",67082a6e8529bdd2887ddb10,2024-10-10 22:26:38.514,LIVE_CHAT_AGENTS_AVAILABILITY,"{'areAgentsOnline': True, 'query': {}, 'status': 'SUCCESS', 'type': 'analytics'}",e1540ef6ef90a451708d44b77b7f914b18c92060 urmc-5acc02dcce4ca96fa36dc5578ebacdc1,319
0248ab1e-2f61-4d2e-98e3-6e12c390a1b5,08fd0ad8-b8bd-4c6d-a1bf-c381dbe24b4d,40,"{'data': {'areAgentsOnline': True, 'query': {}, 'status': 'SUCCESS', 'type': 'analytics'}, 'nluEngineVersion': '65d388268f9c81a5fb065f9cf8445d04396053ce urmc-6d31e9428cd30eafb7aedfca66870d2b', 'requestLatency': 274}",66fe96fa9aed72ff52480802,2024-10-03 16:07:06.052,LIVE_CHAT_AGENTS_AVAILABILITY,"{'areAgentsOnline': True, 'query': {}, 'status': 'SUCCESS', 'type': 'analytics'}",65d388268f9c81a5fb065f9cf8445d04396053ce urmc-6d31e9428cd30eafb7aedfca66870d2b,274
0b0fb89d-096b-40ed-9f31-0853911d581c,08fd0ad8-b8bd-4c6d-a1bf-c381dbe24b4d,81,"{'data': {'areAgentsOnline': True, 'query': {}, 'status': 'SUCCESS', 'type': 'analytics'}, 'nluEngineVersion': '65d388268f9c81a5fb065f9cf8445d04396053ce urmc-6d31e9428cd30eafb7aedfca66870d2b', 'requestLatency': 427}",66fecebb55f202ce26139b86,2024-10-03 20:04:59.495,LIVE_CHAT_AGENTS_AVAILABILITY,"{'areAgentsOnline': True, 'query': {}, 'status': 'SUCCESS', 'type': 'analytics'}",65d388268f9c81a5fb065f9cf8445d04396053ce urmc-6d31e9428cd30eafb7aedfca66870d2b,427
e1796081-5ed6-474d-8588-ef372e1bb819,08fd0ad8-b8bd-4c6d-a1bf-c381dbe24b4d,40,"{'data': {'areAgentsOnline': True, 'query': {}, 'status': 'SUCCESS', 'type': 'analytics'}, 'nluEngineVersion': '65d388268f9c81a5fb065f9cf8445d04396053ce urmc-480f4182e6c89e0232888471a5937803', 'requestLatency': 161}",67003289da6a1c1483236e74,2024-10-04 21:23:05.435,LIVE_CHAT_AGENTS_AVAILABILITY,"{'areAgentsOnline': True, 'query': {}, 'status': 'SUCCESS', 'type': 'analytics'}",65d388268f9c81a5fb065f9cf8445d04396053ce urmc-480f4182e6c89e0232888471a5937803,161
7c834aef-a05a-4c73-8d71-4ff7ac271019,08fd0ad8-b8bd-4c6d-a1bf-c381dbe24b4d,72,"{'data': {'areAgentsOnline': True, 'query': {}, 'status': 'SUCCESS', 'type': 'analytics'}, 'nluEngineVersion': 'bf0fa48f613fdf0b2793c9372faf42e8bb3aa883 urmc-89d910f65fcc8f771e58593cb7e0ce9d', 'requestLatency': 192}",670d4b04881e9aad8ce3d148,2024-10-14 19:47:00.253,LIVE_CHAT_AGENTS_AVAILABILITY,"{'areAgentsOnline': True, 'query': {}, 'status': 'SUCCESS', 'type': 'analytics'}",bf0fa48f613fdf0b2793c9372faf42e8bb3aa883 urmc-89d910f65fcc8f771e58593cb7e0ce9d,192
8af9c7d6-87a4-4d35-87e8-51fb1d41c1d1,08fd0ad8-b8bd-4c6d-a1bf-c381dbe24b4d,80,"{'data': {'areAgentsOnline': True, 'query': {}, 'status': 'SUCCESS', 'type': 'analytics'}, 'nluEngineVersion': 'e1540ef6ef90a451708d44b77b7f914b18c92060 urmc-5acc02dcce4ca96fa36dc5578ebacdc1', 'requestLatency': 282}",670821ea8529bdd2887d6491,2024-10-10 21:50:18.810,LIVE_CHAT_AGENTS_AVAILABILITY,"{'areAgentsOnline': True, 'query': {}, 'status': 'SUCCESS', 'type': 'analytics'}",e1540ef6ef90a451708d44b77b7f914b18c92060 urmc-5acc02dcce4ca96fa36dc5578ebacdc1,282
974358d4-8741-4d5d-9d4d-ff387cf95fe6,08fd0ad8-b8bd-4c6d-a1bf-c381dbe24b4d,33,"{'data': {'areAgentsOnline': True, 'query': {}, 'status': 'SUCCESS', 'type': 'analytics'}, 'nluEngineVersion': '65d388268f9c81a5fb065f9cf8445d04396053ce urmc-f8af18fcbc10a021a6068c79edd3e93f', 'requestLatency': 272}",66fc544455f202ce26fa9798,2024-10-01 22:57:56.329,LIVE_CHAT_AGENTS_AVAILABILITY,"{'areAgentsOnline': True, 'query': {}, 'status': 'SUCCESS', 'type': 'analytics'}",65d388268f9c81a5fb065f9cf8445d04396053ce urmc-f8af18fcbc10a021a6068c79edd3e93f,272
9c2611e2-7da9-4699-b8a9-756b50ce6f48,08fd0ad8-b8bd-4c6d-a1bf-c381dbe24b4d,46,"{'data': {'areAgentsOnline': True, 'query': {}, 'status': 'SUCCESS', 'type': 'analytics'}, 'nluEngineVersion': '65d388268f9c81a5fb065f9cf8445d04396053ce urmc-f8af18fcbc10a021a6068c79edd3e93f', 'requestLatency': 267}",66fc521dce37c378347d695a,2024-10-01 22:48:45.487,LIVE_CHAT_AGENTS_AVAILABILITY,"{'areAgentsOnline': True, 'query': {}, 'status': 'SUCCESS', 'type': 'analytics'}",65d388268f9c81a5fb065f9cf8445d04396053ce urmc-f8af18fcbc10a021a6068c79edd3e93f,267
e2edac63-0b5e-47aa-ba2b-00175cea5171,08fd0ad8-b8bd-4c6d-a1bf-c381dbe24b4d,40,"{'data': {'areAgentsOnline': True, 'query': {}, 'status': 'SUCCESS', 'type': 'analytics'}, 'nluEngineVersion': '994728dac64a817fed0f861790cb68161d62463e urmc-5045c59462abcdbf1dd96474e081c41b', 'requestLatency': 336}",66fc234a55f202ce26f7ef3a,2024-10-01 19:28:58.737,LIVE_CHAT_AGENTS_AVAILABILITY,"{'areAgentsOnline': True, 'query': {}, 'status': 'SUCCESS', 'type': 'analytics'}",994728dac64a817fed0f861790cb68161d62463e urmc-5045c59462abcdbf1dd96474e081c41b,336
0d7ccf85-ee2a-4b6c-ba8f-20f2de4ec192,08fd0ad8-b8bd-4c6d-a1bf-c381dbe24b4d,53,"{'data': {'areAgentsOnline': True, 'query': {}, 'status': 'SUCCESS', 'type': 'analytics'}, 'nluEngineVersion': '994728dac64a817fed0f861790cb68161d62463e urmc-9e92385eca986a968c0ca3e707e0274a', 'requestLatency': 212}",66fbfe4f55f202ce26f593b0,2024-10-01 16:51:11.945,LIVE_CHAT_AGENTS_AVAILABILITY,"{'areAgentsOnline': True, 'query': {}, 'status': 'SUCCESS', 'type': 'analytics'}",994728dac64a817fed0f861790cb68161d62463e urmc-9e92385eca986a968c0ca3e707e0274a,212
a1e8a935-277f-43f3-8247-25282968866a,08fd0ad8-b8bd-4c6d-a1bf-c381dbe24b4d,46,"{'data': {'areAgentsOnline': True, 'query': {}, 'status': 'SUCCESS', 'type': 'analytics'}, 'nluEngineVersion': 'e1641e9e796d573a677b441c828108271ac45ffb urmc-f8af18fcbc10a021a6068c79edd3e93f', 'requestLatency': 172}",66fc2e5606ea172c89cb4c4c,2024-10-01 20:16:06.785,LIVE_CHAT_AGENTS_AVAILABILITY,"{'areAgentsOnline': True, 'query': {}, 'status': 'SUCCESS', 'type': 'analytics'}",e1641e9e796d573a677b441c828108271ac45ffb urmc-f8af18fcbc10a021a6068c79edd3e93f,172
e3b2ae20-dc1e-40b1-b49f-bf5836299103,08fd0ad8-b8bd-4c6d-a1bf-c381dbe24b4d,33,"{'data': {'areAgentsOnline': True, 'query': {}, 'status': 'SUCCESS', 'type': 'analytics'}, 'nluEngineVersion': 'a6f109567b9d330e351f52437db72c06ebe694f2 urmc-f95578ec092932482f95a0d3fdaedaa8', 'requestLatency': 290}",670564c64f3c05168c788379,2024-10-08 19:58:46.926,LIVE_CHAT_AGENTS_AVAILABILITY,"{'areAgentsOnline': True, 'query': {}, 'status': 'SUCCESS', 'type': 'analytics'}",a6f109567b9d330e351f52437db72c06ebe694f2 urmc-f95578ec092932482f95a0d3fdaedaa8,290
a633bccd-020d-49e0-a9e1-ecae9edbc636,08fd0ad8-b8bd-4c6d-a1bf-c381dbe24b4d,43,"{'data': {'areAgentsOnline': True, 'query': {}, 'status': 'SUCCESS', 'type': 'analytics'}, 'nluEngineVersion': '8307155cd3fb198077acd99ef4a2e834c23ed71f urmc-89d910f65fcc8f771e58593cb7e0ce9d', 'requestLatency': 153}",670d5ded14519701d62fba20,2024-10-14 21:07:41.413,LIVE_CHAT_AGENTS_AVAILABILITY,"{'areAgentsOnline': True, 'query': {}, 'status': 'SUCCESS', 'type': 'analytics'}",8307155cd3fb198077acd99ef4a2e834c23ed71f urmc-89d910f65fcc8f771e58593cb7e0ce9d,153
ccc7c522-7379-4586-8ad3-3e4714992f2d,08fd0ad8-b8bd-4c6d-a1bf-c381dbe24b4d,40,"{'data': {'areAgentsOnline': True, 'query': {}, 'status': 'SUCCESS', 'type': 'analytics'}, 'nluEngineVersion': 'bf0fa48f613fdf0b2793c9372faf42e8bb3aa883 urmc-89d910f65fcc8f771e58593cb7e0ce9d', 'requestLatency': 119}",670d1aff8529bdd288ac5fe7,2024-10-14 16:22:07.655,LIVE_CHAT_AGENTS_AVAILABILITY,"{'areAgentsOnline': True, 'query': {}, 'status': 'SUCCESS', 'type': 'analytics'}",bf0fa48f613fdf0b2793c9372faf42e8bb3aa883 urmc-89d910f65fcc8f771e58593cb7e0ce9d,119
9ba01f2f-8935-494d-8e11-3818664e1d47,08fd0ad8-b8bd-4c6d-a1bf-c381dbe24b4d,49,"{'data': {'areAgentsOnline': True, 'query': {}, 'status': 'SUCCESS', 'type': 'analytics'}, 'nluEngineVersion': '7c8aa7cf05639bb2edb7c225a6aa00c85537c812 urmc-b36d458c4b00d2be35abe2d4d99f8ef6', 'requestLatency': 167}",670934a214519701d607e105,2024-10-11 17:22:26.101,LIVE_CHAT_AGENTS_AVAILABILITY,"{'areAgentsOnline': True, 'query': {}, 'status': 'SUCCESS', 'type': 'analytics'}",7c8aa7cf05639bb2edb7c225a6aa00c85537c812 urmc-b36d458c4b00d2be35abe2d4d99f8ef6,167
297cd602-750c-4e14-a3f1-9e58e4465c00,08fd0ad8-b8bd-4c6d-a1bf-c381dbe24b4d,42,"{'data': {'areAgentsOnline': True, 'query': {}, 'status': 'SUCCESS', 'type': 'analytics'}, 'nluEngineVersion': 'bf0fa48f613fdf0b2793c9372faf42e8bb3aa883 urmc-89d910f65fcc8f771e58593cb7e0ce9d', 'requestLatency': 156}",670d3afb881e9aad8ce2f72d,2024-10-14 18:38:35.340,LIVE_CHAT_AGENTS_AVAILABILITY,"{'areAgentsOnline': True, 'query': {}, 'status': 'SUCCESS', 'type': 'analytics'}",bf0fa48f613fdf0b2793c9372faf42e8bb3aa883 urmc-89d910f65fcc8f771e58593cb7e0ce9d,156
f85f1edc-5df4-4f13-9e50-d7cb04fdf082,08fd0ad8-b8bd-4c6d-a1bf-c381dbe24b4d,33,"{'data': {'areAgentsOnline': True, 'query': {}, 'status': 'SUCCESS', 'type': 'analytics'}, 'nluEngineVersion': 'bf0fa48f613fdf0b2793c9372faf42e8bb3aa883 urmc-89d910f65fcc8f771e58593cb7e0ce9d', 'requestLatency': 261}",670d2676881e9aad8ce1ae82,2024-10-14 17:11:02.079,LIVE_CHAT_AGENTS_AVAILABILITY,"{'areAgentsOnline': True, 'query': {}, 'status': 'SUCCESS', 'type': 'analytics'}",bf0fa48f613fdf0b2793c9372faf42e8bb3aa883 urmc-89d910f65fcc8f771e58593cb7e0ce9d,261
c79a9c43-a606-4edb-841f-6c7a953c1199,08fd0ad8-b8bd-4c6d-a1bf-c381dbe24b4d,43,"{'data': {'areAgentsOnline': True, 'query': {}, 'status': 'SUCCESS', 'type': 'analytics'}, 'nluEngineVersion': 'bf0fa48f613fdf0b2793c9372faf42e8bb3aa883 urmc-89d910f65fcc8f771e58593cb7e0ce9d', 'requestLatency': 180}",670d46d2881e9aad8ce3980d,2024-10-14 19:29:06.649,LIVE_CHAT_AGENTS_AVAILABILITY,"{'areAgentsOnline': True, 'query': {}, 'status': 'SUCCESS', 'type': 'analytics'}",bf0fa48f613fdf0b2793c9372faf42e8bb3aa883 urmc-89d910f65fcc8f771e58593cb7e0ce9d,180
1666d847-1a6e-4063-b306-159352386344,08fd0ad8-b8bd-4c6d-a1bf-c381dbe24b4d,45,"{'data': {'areAgentsOnline': True, 'query': {}, 'status': 'SUCCESS', 'type': 'analytics'}, 'nluEngineVersion': '65d388268f9c81a5fb065f9cf8445d04396053ce urmc-f8af18fcbc10a021a6068c79edd3e93f', 'requestLatency': 293}",66fc4f45f5f972a5bee7d750,2024-10-01 22:36:37.013,LIVE_CHAT_AGENTS_AVAILABILITY,"{'areAgentsOnline': True, 'query': {}, 'status': 'SUCCESS', 'type': 'analytics'}",65d388268f9c81a5fb065f9cf8445d04396053ce urmc-f8af18fcbc10a021a6068c79edd3e93f,293
2976cc9b-7d9a-4736-bc0a-ec49866965b7,08fd0ad8-b8bd-4c6d-a1bf-c381dbe24b4d,40,"{'data': {'areAgentsOnline': True, 'query': {}, 'status': 'SUCCESS', 'type': 'analytics'}, 'nluEngineVersion': '2e1507ce847342e9c6b49a2a855bd4def47b8a06 urmc-9e92385eca986a968c0ca3e707e0274a', 'requestLatency': 146}",66fbea0bce37c3783476c5dc,2024-10-01 15:24:43.103,LIVE_CHAT_AGENTS_AVAILABILITY,"{'areAgentsOnline': True, 'query': {}, 'status': 'SUCCESS', 'type': 'analytics'}",2e1507ce847342e9c6b49a2a855bd4def47b8a06 urmc-9e92385eca986a968c0ca3e707e0274a,146
9760ab45-4366-40c1-8383-362b95d5a108,08fd0ad8-b8bd-4c6d-a1bf-c381dbe24b4d,40,"{'data': {'areAgentsOnline': True, 'query': {}, 'status': 'SUCCESS', 'type': 'analytics'}, 'nluEngineVersion': '994728dac64a817fed0f861790cb68161d62463e urmc-5045c59462abcdbf1dd96474e081c41b', 'requestLatency': 166}",66fc0b7555f202ce26f68957,2024-10-01 17:47:17.230,LIVE_CHAT_AGENTS_AVAILABILITY,"{'areAgentsOnline': True, 'query': {}, 'status': 'SUCCESS', 'type': 'analytics'}",994728dac64a817fed0f861790cb68161d62463e urmc-5045c59462abcdbf1dd96474e081c41b,166
02ab6f8d-23e3-4ffc-a1c8-2f75baac3101,08fd0ad8-b8bd-4c6d-a1bf-c381dbe24b4d,45,"{'data': {'areAgentsOnline': True, 'query': {}, 'status': 'SUCCESS', 'type': 'analytics'}, 'nluEngineVersion': '65d388268f9c81a5fb065f9cf8445d04396053ce urmc-f8af18fcbc10a021a6068c79edd3e93f', 'requestLatency': 292}",66fc513055f202ce26fa6fc7,2024-10-01 22:44:48.402,LIVE_CHAT_AGENTS_AVAILABILITY,"{'areAgentsOnline': True, 'query': {}, 'status': 'SUCCESS', 'type': 'analytics'}",65d388268f9c81a5fb065f9cf8445d04396053ce urmc-f8af18fcbc10a021a6068c79edd3e93f,292
35d2620a-aa32-4f2d-b018-576b5a0f7de1,08fd0ad8-b8bd-4c6d-a1bf-c381dbe24b4d,33,"{'data': {'areAgentsOnline': True, 'query': {}, 'status': 'SUCCESS', 'type': 'analytics'}, 'nluEngineVersion': '7d76806dacd9022f43205c499f77a1529744b90b urmc-f6abf1135b374ee1def31fd3efc6e049', 'requestLatency': 218}",6703db53ce37c37834ceb2c9,2024-10-07 16:00:03.457,LIVE_CHAT_AGENTS_AVAILABILITY,"{'areAgentsOnline': True, 'query': {}, 'status': 'SUCCESS', 'type': 'analytics'}",7d76806dacd9022f43205c499f77a1529744b90b urmc-f6abf1135b374ee1def31fd3efc6e049,218
2e0160c9-3df3-4f15-ba4c-d2c9efc0a881,08fd0ad8-b8bd-4c6d-a1bf-c381dbe24b4d,41,"{'data': {'areAgentsOnline': True, 'query': {}, 'status': 'SUCCESS', 'type': 'analytics'}, 'nluEngineVersion': 'f5a10b14fec038fdf643d891591f0686cac51771 urmc-169973b677a1a13aeec39e84f4b2807a', 'requestLatency': 373}",6703f70b00ab2c30dea89ed5,2024-10-07 17:58:19.747,LIVE_CHAT_AGENTS_AVAILABILITY,"{'areAgentsOnline': True, 'query': {}, 'status': 'SUCCESS', 'type': 'analytics'}",f5a10b14fec038fdf643d891591f0686cac51771 urmc-169973b677a1a13aeec39e84f4b2807a,373
2e0160c9-3df3-4f15-ba4c-d2c9efc0a881,08fd0ad8-b8bd-4c6d-a1bf-c381dbe24b4d,155,"{'data': {'areAgentsOnline': True, 'query': {}, 'status': 'SUCCESS', 'type': 'analytics'}, 'nluEngineVersion': 'f5a10b14fec038fdf643d891591f0686cac51771 urmc-169973b677a1a13aeec39e84f4b2807a', 'requestLatency': 324}",6703f8f800ab2c30dea8b9e2,2024-10-07 18:06:32.972,LIVE_CHAT_AGENTS_AVAILABILITY,"{'areAgentsOnline': True, 'query': {}, 'status': 'SUCCESS', 'type': 'analytics'}",f5a10b14fec038fdf643d891591f0686cac51771 urmc-169973b677a1a13aeec39e84f4b2807a,324
f8e1fda0-5070-42c8-b5bb-2288d7b345e7,08fd0ad8-b8bd-4c6d-a1bf-c381dbe24b4d,44,"{'data': {'areAgentsOnline': True, 'query': {}, 'status': 'SUCCESS', 'type': 'analytics'}, 'nluEngineVersion': 'd19ace2641a995554c48700cbecb9ca30b97477f urmc-169973b677a1a13aeec39e84f4b2807a', 'requestLatency': 284}",670424c255f202ce26476bdc,2024-10-07 21:13:22.968,LIVE_CHAT_AGENTS_AVAILABILITY,"{'areAgentsOnline': True, 'query': {}, 'status': 'SUCCESS', 'type': 'analytics'}",d19ace2641a995554c48700cbecb9ca30b97477f urmc-169973b677a1a13aeec39e84f4b2807a,284
dde21e51-da50-40f1-8e97-308e52e1df9f,08fd0ad8-b8bd-4c6d-a1bf-c381dbe24b4d,84,"{'data': {'areAgentsOnline': True, 'query': {}, 'status': 'SUCCESS', 'type': 'analytics'}, 'nluEngineVersion': 'f5a10b14fec038fdf643d891591f0686cac51771 urmc-169973b677a1a13aeec39e84f4b2807a', 'requestLatency': 329}",67041633ce37c37834d22dda,2024-10-07 20:11:15.802,LIVE_CHAT_AGENTS_AVAILABILITY,"{'areAgentsOnline': True, 'query': {}, 'status': 'SUCCESS', 'type': 'analytics'}",f5a10b14fec038fdf643d891591f0686cac51771 urmc-169973b677a1a13aeec39e84f4b2807a,329
3223cf35-c71d-4fe3-b9c1-68872df9ab96,08fd0ad8-b8bd-4c6d-a1bf-c381dbe24b4d,56,"{'data': {'areAgentsOnline': True, 'query': {}, 'status': 'SUCCESS', 'type': 'analytics'}, 'nluEngineVersion': 'f5a10b14fec038fdf643d891591f0686cac51771 urmc-169973b677a1a13aeec39e84f4b2807a', 'requestLatency': 282}",6703fe78ce37c37834d0dcfd,2024-10-07 18:30:00.731,LIVE_CHAT_AGENTS_AVAILABILITY,"{'areAgentsOnline': True, 'query': {}, 'status': 'SUCCESS', 'type': 'analytics'}",f5a10b14fec038fdf643d891591f0686cac51771 urmc-169973b677a1a13aeec39e84f4b2807a,282
80d00fe3-b19d-4102-98d9-0256c16ed540,08fd0ad8-b8bd-4c6d-a1bf-c381dbe24b4d,51,"{'data': {'areAgentsOnline': True, 'query': {}, 'status': 'SUCCESS', 'type': 'analytics'}, 'nluEngineVersion': '7d76806dacd9022f43205c499f77a1529744b90b urmc-f6abf1135b374ee1def31fd3efc6e049', 'requestLatency': 333}",6703d032ce37c37834ce1fd7,2024-10-07 15:12:34.537,LIVE_CHAT_AGENTS_AVAILABILITY,"{'areAgentsOnline': True, 'query': {}, 'status': 'SUCCESS', 'type': 'analytics'}",7d76806dacd9022f43205c499f77a1529744b90b urmc-f6abf1135b374ee1def31fd3efc6e049,333
fd75fe86-b7b4-47aa-a62c-5c0d61a5bf6e,08fd0ad8-b8bd-4c6d-a1bf-c381dbe24b4d,82,"{'data': {'areAgentsOnline': True, 'query': {}, 'status': 'SUCCESS', 'type': 'analytics'}, 'nluEngineVersion': 'd19ace2641a995554c48700cbecb9ca30b97477f urmc-169973b677a1a13aeec39e84f4b2807a', 'requestLatency': 132}",67042bd0ce37c37834d35fe6,2024-10-07 21:43:28.992,LIVE_CHAT_AGENTS_AVAILABILITY,"{'areAgentsOnline': True, 'query': {}, 'status': 'SUCCESS', 'type': 'analytics'}",d19ace2641a995554c48700cbecb9ca30b97477f urmc-169973b677a1a13aeec39e84f4b2807a,132
300648c3-de1b-4612-a42a-9b78bba021aa,08fd0ad8-b8bd-4c6d-a1bf-c381dbe24b4d,40,"{'data': {'areAgentsOnline': True, 'query': {}, 'status': 'SUCCESS', 'type': 'analytics'}, 'nluEngineVersion': 'd19ace2641a995554c48700cbecb9ca30b97477f urmc-169973b677a1a13aeec39e84f4b2807a', 'requestLatency': 146}",67043095dd018676c742e868,2024-10-07 22:03:49.441,LIVE_CHAT_AGENTS_AVAILABILITY,"{'areAgentsOnline': True, 'query': {}, 'status': 'SUCCESS', 'type': 'analytics'}",d19ace2641a995554c48700cbecb9ca30b97477f urmc-169973b677a1a13aeec39e84f4b2807a,146
5d2a65b9-54d5-4e04-b044-850cafd46e85,08fd0ad8-b8bd-4c6d-a1bf-c381dbe24b4d,46,"{'data': {'areAgentsOnline': True, 'query': {}, 'status': 'SUCCESS', 'type': 'analytics'}, 'nluEngineVersion': '7d76806dacd9022f43205c499f77a1529744b90b urmc-169973b677a1a13aeec39e84f4b2807a', 'requestLatency': 332}",6703e9f455f202ce26442604,2024-10-07 17:02:28.159,LIVE_CHAT_AGENTS_AVAILABILITY,"{'areAgentsOnline': True, 'query': {}, 'status': 'SUCCESS', 'type': 'analytics'}",7d76806dacd9022f43205c499f77a1529744b90b urmc-169973b677a1a13aeec39e84f4b2807a,332
d83e8d32-9190-42b7-ae09-3b46ab5f9294,08fd0ad8-b8bd-4c6d-a1bf-c381dbe24b4d,33,"{'data': {'areAgentsOnline': True, 'query': {}, 'status': 'SUCCESS', 'type': 'analytics'}, 'nluEngineVersion': '7d76806dacd9022f43205c499f77a1529744b90b urmc-169973b677a1a13aeec39e84f4b2807a', 'requestLatency': 401}",6703f074dd018676c73f617f,2024-10-07 17:30:12.096,LIVE_CHAT_AGENTS_AVAILABILITY,"{'areAgentsOnline': True, 'query': {}, 'status': 'SUCCESS', 'type': 'analytics'}",7d76806dacd9022f43205c499f77a1529744b90b urmc-169973b677a1a13aeec39e84f4b2807a,401
adea2aec-a361-46f1-91fe-73c86591bd14,08fd0ad8-b8bd-4c6d-a1bf-c381dbe24b4d,40,"{'data': {'areAgentsOnline': True, 'query': {}, 'status': 'SUCCESS', 'type': 'analytics'}, 'nluEngineVersion': 'f5a10b14fec038fdf643d891591f0686cac51771 urmc-169973b677a1a13aeec39e84f4b2807a', 'requestLatency': 169}",6704149255f202ce2646926a,2024-10-07 20:04:18.746,LIVE_CHAT_AGENTS_AVAILABILITY,"{'areAgentsOnline': True, 'query': {}, 'status': 'SUCCESS', 'type': 'analytics'}",f5a10b14fec038fdf643d891591f0686cac51771 urmc-169973b677a1a13aeec39e84f4b2807a,169
c4589dd7-7c8f-4036-b502-d4f8150f7f3a,08fd0ad8-b8bd-4c6d-a1bf-c381dbe24b4d,40,"{'data': {'areAgentsOnline': False, 'query': {}, 'status': 'SUCCESS', 'type': 'analytics'}, 'nluEngineVersion': 'e1540ef6ef90a451708d44b77b7f914b18c92060 urmc-5acc02dcce4ca96fa36dc5578ebacdc1', 'requestLatency': 141}",67080f9386501aa6ad2011f6,2024-10-10 20:32:03.396,LIVE_CHAT_AGENTS_AVAILABILITY,"{'areAgentsOnline': False, 'query': {}, 'status': 'SUCCESS', 'type': 'analytics'}",e1540ef6ef90a451708d44b77b7f914b18c92060 urmc-5acc02dcce4ca96fa36dc5578ebacdc1,141
e69c48f8-0692-4116-86c5-00f0b4077e1f,08fd0ad8-b8bd-4c6d-a1bf-c381dbe24b4d,40,"{'data': {'areAgentsOnline': True, 'query': {}, 'status': 'SUCCESS', 'type': 'analytics'}, 'nluEngineVersion': 'bf0fa48f613fdf0b2793c9372faf42e8bb3aa883 urmc-89d910f65fcc8f771e58593cb7e0ce9d', 'requestLatency': 145}",670d5156881e9aad8ce42447,2024-10-14 20:13:58.510,LIVE_CHAT_AGENTS_AVAILABILITY,"{'areAgentsOnline': True, 'query': {}, 'status': 'SUCCESS', 'type': 'analytics'}",bf0fa48f613fdf0b2793c9372faf42e8bb3aa883 urmc-89d910f65fcc8f771e58593cb7e0ce9d,145
531d8138-9ea7-4373-9ea6-1a48bf5e60ef,08fd0ad8-b8bd-4c6d-a1bf-c381dbe24b4d,57,"{'data': {'areAgentsOnline': True, 'query': {}, 'status': 'SUCCESS', 'type': 'analytics'}, 'nluEngineVersion': '65d388268f9c81a5fb065f9cf8445d04396053ce urmc-6a3114572dffb9b823623fc3281cb224', 'requestLatency': 179}",66fd952f55f202ce2606e80f,2024-10-02 21:47:11.046,LIVE_CHAT_AGENTS_AVAILABILITY,"{'areAgentsOnline': True, 'query': {}, 'status': 'SUCCESS', 'type': 'analytics'}",65d388268f9c81a5fb065f9cf8445d04396053ce urmc-6a3114572dffb9b823623fc3281cb224,179
9a9df2d4-579d-44e7-85b2-bf145ef41226,08fd0ad8-b8bd-4c6d-a1bf-c381dbe24b4d,79,"{'data': {'areAgentsOnline': True, 'query': {}, 'status': 'SUCCESS', 'type': 'analytics'}, 'nluEngineVersion': '65d388268f9c81a5fb065f9cf8445d04396053ce urmc-f8af18fcbc10a021a6068c79edd3e93f', 'requestLatency': 225}",66fd72714a29b75ae498c128,2024-10-02 19:18:57.172,LIVE_CHAT_AGENTS_AVAILABILITY,"{'areAgentsOnline': True, 'query': {}, 'status': 'SUCCESS', 'type': 'analytics'}",65d388268f9c81a5fb065f9cf8445d04396053ce urmc-f8af18fcbc10a021a6068c79edd3e93f,225
9a9df2d4-579d-44e7-85b2-bf145ef41226,08fd0ad8-b8bd-4c6d-a1bf-c381dbe24b4d,169,"{'data': {'areAgentsOnline': True, 'query': {}, 'status': 'SUCCESS', 'type': 'analytics'}, 'nluEngineVersion': '65d388268f9c81a5fb065f9cf8445d04396053ce urmc-f8af18fcbc10a021a6068c79edd3e93f', 'requestLatency': 314}",66fd72b44a29b75ae498c4f0,2024-10-02 19:20:04.193,LIVE_CHAT_AGENTS_AVAILABILITY,"{'areAgentsOnline': True, 'query': {}, 'status': 'SUCCESS', 'type': 'analytics'}",65d388268f9c81a5fb065f9cf8445d04396053ce urmc-f8af18fcbc10a021a6068c79edd3e93f,314
0d6d27ef-c591-4c4a-91fd-654092577cae,08fd0ad8-b8bd-4c6d-a1bf-c381dbe24b4d,68,"{'data': {'areAgentsOnline': True, 'query': {}, 'status': 'SUCCESS', 'type': 'analytics'}, 'nluEngineVersion': 'bf0fa48f613fdf0b2793c9372faf42e8bb3aa883 urmc-89d910f65fcc8f771e58593cb7e0ce9d', 'requestLatency': 501}",670d49b18790e7f88c2757db,2024-10-14 19:41:21.769,LIVE_CHAT_AGENTS_AVAILABILITY,"{'areAgentsOnline': True, 'query': {}, 'status': 'SUCCESS', 'type': 'analytics'}",bf0fa48f613fdf0b2793c9372faf42e8bb3aa883 urmc-89d910f65fcc8f771e58593cb7e0ce9d,501
acfe2922-4449-4367-81b6-6a2b55a72e29,08fd0ad8-b8bd-4c6d-a1bf-c381dbe24b4d,48,"{'data': {'areAgentsOnline': True, 'query': {}, 'status': 'SUCCESS', 'type': 'analytics'}, 'nluEngineVersion': 'bf0fa48f613fdf0b2793c9372faf42e8bb3aa883 urmc-89d910f65fcc8f771e58593cb7e0ce9d', 'requestLatency': 188}",670d46b88790e7f88c273050,2024-10-14 19:28:40.186,LIVE_CHAT_AGENTS_AVAILABILITY,"{'areAgentsOnline': True, 'query': {}, 'status': 'SUCCESS', 'type': 'analytics'}",bf0fa48f613fdf0b2793c9372faf42e8bb3aa883 urmc-89d910f65fcc8f771e58593cb7e0ce9d,188
70a8a5ee-e5a0-4ecf-bb47-f04d5d51f1aa,08fd0ad8-b8bd-4c6d-a1bf-c381dbe24b4d,36,"{'data': {'areAgentsOnline': True, 'query': {}, 'status': 'SUCCESS', 'type': 'analytics'}, 'nluEngineVersion': '8307155cd3fb198077acd99ef4a2e834c23ed71f urmc-89d910f65fcc8f771e58593cb7e0ce9d', 'requestLatency': 300}",670d5a178790e7f88c2844ff,2024-10-14 20:51:19.775,LIVE_CHAT_AGENTS_AVAILABILITY,"{'areAgentsOnline': True, 'query': {}, 'status': 'SUCCESS', 'type': 'analytics'}",8307155cd3fb198077acd99ef4a2e834c23ed71f urmc-89d910f65fcc8f771e58593cb7e0ce9d,300
67d55272-7a89-478a-8104-40f533d9321d,08fd0ad8-b8bd-4c6d-a1bf-c381dbe24b4d,33,"{'data': {'areAgentsOnline': True, 'query': {}, 'status': 'SUCCESS', 'type': 'analytics'}, 'nluEngineVersion': '0668b4298420020a85dadd5a28482c463c374e23 urmc-d7b76ab58052fc65932cbb27caa4ced2', 'requestLatency': 294}",670ea73ac6d56ea4415eb9bd,2024-10-15 20:32:42.784,LIVE_CHAT_AGENTS_AVAILABILITY,"{'areAgentsOnline': True, 'query': {}, 'status': 'SUCCESS', 'type': 'analytics'}",0668b4298420020a85dadd5a28482c463c374e23 urmc-d7b76ab58052fc65932cbb27caa4ced2,294
42f90345-2fd6-4c99-8ea8-28175bbf03c6,08fd0ad8-b8bd-4c6d-a1bf-c381dbe24b4d,35,"{'data': {'areAgentsOnline': True, 'query': {}, 'status': 'SUCCESS', 'type': 'analytics'}, 'nluEngineVersion': '0668b4298420020a85dadd5a28482c463c374e23 urmc-d7b76ab58052fc65932cbb27caa4ced2', 'requestLatency': 304}",670e733b8529bdd288bb967d,2024-10-15 16:50:51.665,LIVE_CHAT_AGENTS_AVAILABILITY,"{'areAgentsOnline': True, 'query': {}, 'status': 'SUCCESS', 'type': 'analytics'}",0668b4298420020a85dadd5a28482c463c374e23 urmc-d7b76ab58052fc65932cbb27caa4ced2,304
cc946338-834b-4acc-99c0-16d533479445,08fd0ad8-b8bd-4c6d-a1bf-c381dbe24b4d,33,"{'data': {'areAgentsOnline': True, 'query': {}, 'status': 'SUCCESS', 'type': 'analytics'}, 'nluEngineVersion': '0668b4298420020a85dadd5a28482c463c374e23 urmc-d7b76ab58052fc65932cbb27caa4ced2', 'requestLatency': 265}",670ea301c6d56ea4415e730d,2024-10-15 20:14:41.244,LIVE_CHAT_AGENTS_AVAILABILITY,"{'areAgentsOnline': True, 'query': {}, 'status': 'SUCCESS', 'type': 'analytics'}",0668b4298420020a85dadd5a28482c463c374e23 urmc-d7b76ab58052fc65932cbb27caa4ced2,265
9a1d2109-189a-45b4-acaf-b5cfbf3d9b1f,08fd0ad8-b8bd-4c6d-a1bf-c381dbe24b4d,33,"{'data': {'areAgentsOnline': True, 'query': {}, 'status': 'SUCCESS', 'type': 'analytics'}, 'nluEngineVersion': '6ea939c99252fd8d2b84582660f85fe69c4a6877 urmc-d7b76ab58052fc65932cbb27caa4ced2', 'requestLatency': 578}",670ebbb5c6d56ea4415fce58,2024-10-15 22:00:05.838,LIVE_CHAT_AGENTS_AVAILABILITY,"{'areAgentsOnline': True, 'query': {}, 'status': 'SUCCESS', 'type': 'analytics'}",6ea939c99252fd8d2b84582660f85fe69c4a6877 urmc-d7b76ab58052fc65932cbb27caa4ced2,578
be6a22e7-3d06-4237-afce-c3ea88c1c466,08fd0ad8-b8bd-4c6d-a1bf-c381dbe24b4d,40,"{'data': {'areAgentsOnline': True, 'query': {}, 'status': 'SUCCESS', 'type': 'analytics'}, 'nluEngineVersion': '6ea939c99252fd8d2b84582660f85fe69c4a6877 urmc-d7b76ab58052fc65932cbb27caa4ced2', 'requestLatency': 148}",670ec6ee4031c12e658e6c58,2024-10-15 22:47:58.360,LIVE_CHAT_AGENTS_AVAILABILITY,"{'areAgentsOnline': True, 'query': {}, 'status': 'SUCCESS', 'type': 'analytics'}",6ea939c99252fd8d2b84582660f85fe69c4a6877 urmc-d7b76ab58052fc65932cbb27caa4ced2,148
b5199ff7-d026-4679-aaf5-694b6c598d9f,08fd0ad8-b8bd-4c6d-a1bf-c381dbe24b4d,96,"{'data': {'areAgentsOnline': True, 'query': {}, 'status': 'SUCCESS', 'type': 'analytics'}, 'nluEngineVersion': '0668b4298420020a85dadd5a28482c463c374e23 urmc-d7b76ab58052fc65932cbb27caa4ced2', 'requestLatency': 107}",670e85d2c6d56ea4415cb9e9,2024-10-15 18:10:10.023,LIVE_CHAT_AGENTS_AVAILABILITY,"{'areAgentsOnline': True, 'query': {}, 'status': 'SUCCESS', 'type': 'analytics'}",0668b4298420020a85dadd5a28482c463c374e23 urmc-d7b76ab58052fc65932cbb27caa4ced2,107
f9025793-df3c-4d4e-b9ed-2dd15a337251,08fd0ad8-b8bd-4c6d-a1bf-c381dbe24b4d,39,"{'data': {'areAgentsOnline': True, 'query': {}, 'status': 'SUCCESS', 'type': 'analytics'}, 'nluEngineVersion': 'a6f109567b9d330e351f52437db72c06ebe694f2 urmc-f95578ec092932482f95a0d3fdaedaa8', 'requestLatency': 155}",67054b0d4f3c05168c76e482,2024-10-08 18:09:01.592,LIVE_CHAT_AGENTS_AVAILABILITY,"{'areAgentsOnline': True, 'query': {}, 'status': 'SUCCESS', 'type': 'analytics'}",a6f109567b9d330e351f52437db72c06ebe694f2 urmc-f95578ec092932482f95a0d3fdaedaa8,155
3e7519e6-f5ad-4c54-81c8-8fc6ddc3dd1d,08fd0ad8-b8bd-4c6d-a1bf-c381dbe24b4d,56,"{'data': {'areAgentsOnline': True, 'query': {}, 'status': 'SUCCESS', 'type': 'analytics'}, 'nluEngineVersion': 'a6f109567b9d330e351f52437db72c06ebe694f2 urmc-f95578ec092932482f95a0d3fdaedaa8', 'requestLatency': 414}",670553417673c82f42662130,2024-10-08 18:44:01.466,LIVE_CHAT_AGENTS_AVAILABILITY,"{'areAgentsOnline': True, 'query': {}, 'status': 'SUCCESS', 'type': 'analytics'}",a6f109567b9d330e351f52437db72c06ebe694f2 urmc-f95578ec092932482f95a0d3fdaedaa8,414
8a0cda1f-5b2f-4ca5-80b6-b6af3f19b1c3,08fd0ad8-b8bd-4c6d-a1bf-c381dbe24b4d,47,"{'data': {'areAgentsOnline': True, 'query': {}, 'status': 'SUCCESS', 'type': 'analytics'}, 'nluEngineVersion': 'a6f109567b9d330e351f52437db72c06ebe694f2 urmc-f95578ec092932482f95a0d3fdaedaa8', 'requestLatency': 544}",67054d0a14519701d6ddadc2,2024-10-08 18:17:30.113,LIVE_CHAT_AGENTS_AVAILABILITY,"{'areAgentsOnline': True, 'query': {}, 'status': 'SUCCESS', 'type': 'analytics'}",a6f109567b9d330e351f52437db72c06ebe694f2 urmc-f95578ec092932482f95a0d3fdaedaa8,544
30d5a0a2-6ab6-4bb9-9fd7-21df54c79301,08fd0ad8-b8bd-4c6d-a1bf-c381dbe24b4d,43,"{'data': {'areAgentsOnline': True, 'query': {}, 'status': 'SUCCESS', 'type': 'analytics'}, 'nluEngineVersion': 'a6f109567b9d330e351f52437db72c06ebe694f2 urmc-f95578ec092932482f95a0d3fdaedaa8', 'requestLatency': 156}",670575c84f3c05168c798971,2024-10-08 21:11:20.586,LIVE_CHAT_AGENTS_AVAILABILITY,"{'areAgentsOnline': True, 'query': {}, 'status': 'SUCCESS', 'type': 'analytics'}",a6f109567b9d330e351f52437db72c06ebe694f2 urmc-f95578ec092932482f95a0d3fdaedaa8,156
db0e6c8a-410d-4b73-abbf-84d1f7cf141c,08fd0ad8-b8bd-4c6d-a1bf-c381dbe24b4d,40,"{'data': {'areAgentsOnline': True, 'query': {}, 'status': 'SUCCESS', 'type': 'analytics'}, 'nluEngineVersion': 'a6f109567b9d330e351f52437db72c06ebe694f2 urmc-f95578ec092932482f95a0d3fdaedaa8', 'requestLatency': 235}",6705873b0f278e6ab116fc0a,2024-10-08 22:25:47.745,LIVE_CHAT_AGENTS_AVAILABILITY,"{'areAgentsOnline': True, 'query': {}, 'status': 'SUCCESS', 'type': 'analytics'}",a6f109567b9d330e351f52437db72c06ebe694f2 urmc-f95578ec092932482f95a0d3fdaedaa8,235
09563bfb-8e66-4a75-8439-cdff94ef3afa,08fd0ad8-b8bd-4c6d-a1bf-c381dbe24b4d,110,"{'data': {'areAgentsOnline': True, 'query': {}, 'status': 'SUCCESS', 'type': 'analytics'}, 'nluEngineVersion': 'a6f109567b9d330e351f52437db72c06ebe694f2 urmc-f95578ec092932482f95a0d3fdaedaa8', 'requestLatency': 311}",67057ffd7673c82f4268d50c,2024-10-08 21:54:53.101,LIVE_CHAT_AGENTS_AVAILABILITY,"{'areAgentsOnline': True, 'query': {}, 'status': 'SUCCESS', 'type': 'analytics'}",a6f109567b9d330e351f52437db72c06ebe694f2 urmc-f95578ec092932482f95a0d3fdaedaa8,311
ff3bc71f-5103-4fb6-8e4d-720fda321e96,08fd0ad8-b8bd-4c6d-a1bf-c381dbe24b4d,46,"{'data': {'areAgentsOnline': True, 'query': {}, 'status': 'SUCCESS', 'type': 'analytics'}, 'nluEngineVersion': 'a6f109567b9d330e351f52437db72c06ebe694f2 urmc-f95578ec092932482f95a0d3fdaedaa8', 'requestLatency': 203}",67054c854f3c05168c76fe82,2024-10-08 18:15:17.788,LIVE_CHAT_AGENTS_AVAILABILITY,"{'areAgentsOnline': True, 'query': {}, 'status': 'SUCCESS', 'type': 'analytics'}",a6f109567b9d330e351f52437db72c06ebe694f2 urmc-f95578ec092932482f95a0d3fdaedaa8,203
0d856495-0e84-4650-afeb-62169821d435,08fd0ad8-b8bd-4c6d-a1bf-c381dbe24b4d,40,"{'data': {'areAgentsOnline': True, 'query': {}, 'status': 'SUCCESS', 'type': 'analytics'}, 'nluEngineVersion': 'a6f109567b9d330e351f52437db72c06ebe694f2 urmc-f95578ec092932482f95a0d3fdaedaa8', 'requestLatency': 150}",67056e757673c82f4267c8d6,2024-10-08 20:40:05.203,LIVE_CHAT_AGENTS_AVAILABILITY,"{'areAgentsOnline': True, 'query': {}, 'status': 'SUCCESS', 'type': 'analytics'}",a6f109567b9d330e351f52437db72c06ebe694f2 urmc-f95578ec092932482f95a0d3fdaedaa8,150
c6be77db-0c7f-43a7-8780-6d8ecb10e86b,08fd0ad8-b8bd-4c6d-a1bf-c381dbe24b4d,33,"{'data': {'areAgentsOnline': True, 'query': {}, 'status': 'SUCCESS', 'type': 'analytics'}, 'nluEngineVersion': 'e04547ebabc1ce823670359ac9eb2f882eac7a1c urmc-0bbf8416e2dffb4d5af60416f6e94ed5', 'requestLatency': 282}",6706d73214519701d6f0241d,2024-10-09 22:19:14.810,LIVE_CHAT_AGENTS_AVAILABILITY,"{'areAgentsOnline': True, 'query': {}, 'status': 'SUCCESS', 'type': 'analytics'}",e04547ebabc1ce823670359ac9eb2f882eac7a1c urmc-0bbf8416e2dffb4d5af60416f6e94ed5,282
7824d52f-b8d4-4faf-9c0b-b4a4536affbf,08fd0ad8-b8bd-4c6d-a1bf-c381dbe24b4d,46,"{'data': {'areAgentsOnline': True, 'query': {}, 'status': 'SUCCESS', 'type': 'analytics'}, 'nluEngineVersion': '9fa39a7450e451c50af6cd065449a16961ff1eff urmc-0bbf8416e2dffb4d5af60416f6e94ed5', 'requestLatency': 324}",670679d814519701d6ea7127,2024-10-09 15:40:56.415,LIVE_CHAT_AGENTS_AVAILABILITY,"{'areAgentsOnline': True, 'query': {}, 'status': 'SUCCESS', 'type': 'analytics'}",9fa39a7450e451c50af6cd065449a16961ff1eff urmc-0bbf8416e2dffb4d5af60416f6e94ed5,324
b0a095a0-9a72-4cdb-884d-c065eafb3a54,08fd0ad8-b8bd-4c6d-a1bf-c381dbe24b4d,75,"{'data': {'areAgentsOnline': True, 'query': {}, 'status': 'SUCCESS', 'type': 'analytics'}, 'nluEngineVersion': '9fa39a7450e451c50af6cd065449a16961ff1eff urmc-0bbf8416e2dffb4d5af60416f6e94ed5', 'requestLatency': 285}",670683637673c82f42731f53,2024-10-09 16:21:39.704,LIVE_CHAT_AGENTS_AVAILABILITY,"{'areAgentsOnline': True, 'query': {}, 'status': 'SUCCESS', 'type': 'analytics'}",9fa39a7450e451c50af6cd065449a16961ff1eff urmc-0bbf8416e2dffb4d5af60416f6e94ed5,285
228212a6-56b6-4f69-8037-5b21e71124ac,08fd0ad8-b8bd-4c6d-a1bf-c381dbe24b4d,54,"{'data': {'areAgentsOnline': True, 'query': {}, 'status': 'SUCCESS', 'type': 'analytics'}, 'nluEngineVersion': 'e04547ebabc1ce823670359ac9eb2f882eac7a1c urmc-0bbf8416e2dffb4d5af60416f6e94ed5', 'requestLatency': 179}",6706cb6d9a99212463d12d16,2024-10-09 21:29:01.790,LIVE_CHAT_AGENTS_AVAILABILITY,"{'areAgentsOnline': True, 'query': {}, 'status': 'SUCCESS', 'type': 'analytics'}",e04547ebabc1ce823670359ac9eb2f882eac7a1c urmc-0bbf8416e2dffb4d5af60416f6e94ed5,179
bd0f17f9-67bc-4f2f-bb5b-2b7aff5a957c,08fd0ad8-b8bd-4c6d-a1bf-c381dbe24b4d,33,"{'data': {'areAgentsOnline': True, 'query': {}, 'status': 'SUCCESS', 'type': 'analytics'}, 'nluEngineVersion': '7c8aa7cf05639bb2edb7c225a6aa00c85537c812 urmc-b36d458c4b00d2be35abe2d4d99f8ef6', 'requestLatency': 270}",670962c78b7dd681e934720f,2024-10-11 20:39:19.405,LIVE_CHAT_AGENTS_AVAILABILITY,"{'areAgentsOnline': True, 'query': {}, 'status': 'SUCCESS', 'type': 'analytics'}",7c8aa7cf05639bb2edb7c225a6aa00c85537c812 urmc-b36d458c4b00d2be35abe2d4d99f8ef6,270
339bc342-cc30-4748-b3b5-c1172f3a2c86,08fd0ad8-b8bd-4c6d-a1bf-c381dbe24b4d,41,"{'data': {'areAgentsOnline': True, 'query': {}, 'status': 'SUCCESS', 'type': 'analytics'}, 'nluEngineVersion': '7c8aa7cf05639bb2edb7c225a6aa00c85537c812 urmc-b36d458c4b00d2be35abe2d4d99f8ef6', 'requestLatency': 312}",670925f926d0feb902ccb88d,2024-10-11 16:19:53.715,LIVE_CHAT_AGENTS_AVAILABILITY,"{'areAgentsOnline': True, 'query': {}, 'status': 'SUCCESS', 'type': 'analytics'}",7c8aa7cf05639bb2edb7c225a6aa00c85537c812 urmc-b36d458c4b00d2be35abe2d4d99f8ef6,312
16ebf895-cf39-4e99-bab2-595c640a12b9,08fd0ad8-b8bd-4c6d-a1bf-c381dbe24b4d,43,"{'data': {'areAgentsOnline': True, 'query': {}, 'status': 'SUCCESS', 'type': 'analytics'}, 'nluEngineVersion': '65d388268f9c81a5fb065f9cf8445d04396053ce urmc-480f4182e6c89e0232888471a5937803', 'requestLatency': 145}",67003e22da6a1c14832404a7,2024-10-04 22:12:34.714,LIVE_CHAT_AGENTS_AVAILABILITY,"{'areAgentsOnline': True, 'query': {}, 'status': 'SUCCESS', 'type': 'analytics'}",65d388268f9c81a5fb065f9cf8445d04396053ce urmc-480f4182e6c89e0232888471a5937803,145
23b6e26f-c93c-408b-8977-bc6cba8d5805,08fd0ad8-b8bd-4c6d-a1bf-c381dbe24b4d,91,"{'data': {'areAgentsOnline': True, 'query': {}, 'status': 'SUCCESS', 'type': 'analytics'}, 'nluEngineVersion': '65d388268f9c81a5fb065f9cf8445d04396053ce urmc-480f4182e6c89e0232888471a5937803', 'requestLatency': 149}",66fff7edce37c37834a809dc,2024-10-04 17:13:01.080,LIVE_CHAT_AGENTS_AVAILABILITY,"{'areAgentsOnline': True, 'query': {}, 'status': 'SUCCESS', 'type': 'analytics'}",65d388268f9c81a5fb065f9cf8445d04396053ce urmc-480f4182e6c89e0232888471a5937803,149
4bca2520-0c38-4b61-a01a-0fd0d7b1c173,08fd0ad8-b8bd-4c6d-a1bf-c381dbe24b4d,115,"{'data': {'areAgentsOnline': True, 'query': {}, 'status': 'SUCCESS', 'type': 'analytics'}, 'nluEngineVersion': '65d388268f9c81a5fb065f9cf8445d04396053ce urmc-480f4182e6c89e0232888471a5937803', 'requestLatency': 189}",67002cf4fd4c301deb1c9820,2024-10-04 20:59:16.863,LIVE_CHAT_AGENTS_AVAILABILITY,"{'areAgentsOnline': True, 'query': {}, 'status': 'SUCCESS', 'type': 'analytics'}",65d388268f9c81a5fb065f9cf8445d04396053ce urmc-480f4182e6c89e0232888471a5937803,189
